"id","node","x","y"
"1","M1-3","107633440","8503980"
"2","M1-4","107633440","8448980"
"3","M1-5","107633440","8400770"
"4","M1-6","107633440","8341270"
"5","M1-7","107633440","8281770"
"6","M1-8","107633440","8222270"
"7","M1-9","107633440","8194270"
"8","C-1","107633440","8141190"
"9","D-1","107633440","8060290"
"10","305","108028440","8437690"
"11","306","108035940","8362470"
"12","307","108035940","8290350"
"13","308","108035940","8217850"
"14","309","107863440","8448980"
"15","310","107856440","8397480"
"16","311","107856440","8337980"
"17","312","107856440","8278480"
"18","313","107856440","8218980"
"19","314","107712440","8448980"
"20","315","107719440","8400770"
"21","316","107719440","8341270"
"22","317","107719440","8281770"
"23","318","107719440","8222270"
"24","M2-28","107989940","8437690"
"25","M2-29","107989940","8362470"
"26","M2-30","107989940","8290350"
"27","M2-31","107989940","8217850"
"28","M2-10","107894940","8448980"
"29","M2-11","107894940","8397480"
"30","M2-12","107894940","8337980"
"31","M2-13","107894940","8278480"
"32","M2-14","107894940","8218980"
"33","M1-15","107680940","8448980"
"34","M1-14","107680940","8400770"
"35","M1-13","107680940","8341270"
"36","M1-12","107680940","8281770"
"37","M1-11","107680940","8222270"
"38","M2-24","107942440","8437690"
"39","M2-22","107942440","8362470"
"40","M2-20","107942440","8290350"
"41","M2-18","107942440","8217850"
"42","M2-25","107942440","8448980"
"43","M2-23","107942440","8397480"
"44","M2-21","107942440","8337980"
"45","M2-19","107942440","8278480"
"46","M2-26","107942440","8496480"
"47","M2-17","107942440","8150980"
"48","C-3","107942440","8095480"
"49","M3-13","108152440","8496480"
"50","M3-12","108152440","8417980"
"51","M3-11","108152440","8342980"
"52","M3-10","108152440","8267980"
"53","M3-9","108152440","8192980"
"54","M3-8","108152440","8150980"
"55","M3-28","108341440","8417980"
"56","M3-29","108341440","8342980"
"57","M3-30","108341440","8267980"
"58","M3-31","108341440","8192980"
"59","M3-24","108293940","8417980"
"60","M3-23","108293940","8342980"
"61","M3-22","108293940","8267980"
"62","M3-21","108293940","8192980"
"63","301","108247940","8417980"
"64","302","108247940","8342980"
"65","303","108247940","8267980"
"66","304","108247940","8192980"
"67","M3-15","108197440","8417980"
"68","M3-16","108197440","8342980"
"69","M3-17","108197440","8267980"
"70","M3-18","108197440","8192980"
"71","D-5","108341440","8015480"
"72","C-7","108341440","8095480"
"73","M3-32","108341440","8150980"
"74","M3-27","108341440","8437920"
"75","101","108506940","8437920"
"76","102","108506940","8378190"
"77","103","108506940","8318690"
"78","104","108506940","8259190"
"79","105","108506940","8199690"
"80","M4-9","108468940","8437920"
"81","M4-10","108468940","8378190"
"82","M4-11","108468940","8318690"
"83","M4-12","108468940","8259190"
"84","M4-13","108468940","8199690"
"85","M4-6","108421440","8437920"
"86","M4-5","108421440","8378190"
"87","M4-4","108421440","8318690"
"88","M4-3","108421440","8259190"
"89","M4-2","108421440","8199690"
"90","M4-7","108421440","8496480"
"91","M4-1","108421440","8150980"
"92","C-8","108421440","8095480"
"93","D-6","108421440","8015480"
"94","418","107719440","9315240"
"95","417","107719440","9255740"
"96","416","107719440","9196240"
"97","415","107712400","9147740"
"98","414","107712400","9107240"
"99","413","107855440","9336480"
"100","412","107855440","9277130"
"101","411","107855440","9217480"
"102","410","107855440","9157980"
"103","409","107862440","9109480"
"104","408","108034940","9349980"
"105","407","108034940","9277480"
"106","406","108034940","9204980"
"107","405","108027440","9118480"
"108","N1-11","107679940","9315240"
"109","N1-12","107679940","9255740"
"110","N1-13","107679940","9196240"
"111","N1-14","107679940","9147740"
"112","N1-15","107679940","9107240"
"113","N2-14","107893940","9336480"
"114","N2-13","107893940","9277290"
"115","N2-12","107893940","9217480"
"116","N2-11","107893940","9157980"
"117","N2-10","107893940","9109480"
"118","N2-30","107988940","9349980"
"119","N2-29","107988940","9277480"
"120","N2-28","107988940","9204980"
"121","N2-27","107988940","9118480"
"122","N1-8","107633440","9315240"
"123","N1-7","107633440","9255740"
"124","N1-6","107633440","9196240"
"125","N1-5","107633440","9147730"
"126","N1-4","107633440","9107230"
"127","N2-18","107941440","9336480"
"128","N2-19","107941440","9277480"
"129","N2-20","107941440","9217480"
"130","N2-22","107941440","9157980"
"131","N2-24","107941440","9109480"
"132","N2-17","107941440","9349980"
"133","N2-21","107941440","9204980"
"134","N2-23","107941440","9118480"
"135","A-1","107633440","9470710"
"136","B-1","107633440","9389810"
"137","N1-9","107633440","9336730"
"138","N1-3","107633440","9056980"
"139","A-2","107941440","9516930"
"140","B-2","107941440","9436040"
"141","N2-16","107941440","9382950"
"142","N2-25","107941440","9064480"
"143","N3-14","108151440","9064480"
"144","N3-13","108151440","9142980"
"145","N3-12","108151440","9217980"
"146","N3-11","108151440","9292980"
"147","N3-10","108151440","9367980"
"148","N3-9","108151440","9409980"
"149","B-6","108331440","9465480"
"150","N3-33","108331440","9409980"
"151","N3-32","108331440","9367980"
"152","N3-31","108331440","9292980"
"153","N3-30","108331440","9217980"
"154","N3-29","108331440","9142980"
"155","N3-28","108331440","9121740"
"156","N3-22","108293940","9367980"
"157","N3-23","108293940","9292980"
"158","N3-24","108293940","9217980"
"159","N3-25","108293940","9142980"
"160","401","108247940","9142980"
"161","402","108247940","9217980"
"162","403","108247940","9292980"
"163","404","108247940","9367980"
"164","N3-16","108196440","9142980"
"165","N3-17","108196440","9217980"
"166","N3-18","108196440","9292980"
"167","N3-19","108196440","9367980"
"168","N4-5","108411440","9121740"
"169","B-8","108411440","9465480"
"170","N4-1","108411440","9409980"
"171","N4-2","108411440","9339240"
"172","N4-3","108411440","9266740"
"173","N4-4","108411440","9194240"
"174","N4-6","108411440","9064480"
"175","201","108499940","9121740"
"176","202","108499940","9194240"
"177","203","108499940","9266740"
"178","204","108499940","9339240"
"179","N4-8","108453940","9121740"
"180","N4-9","108453940","9194240"
"181","N4-10","108453940","9266740"
"182","N4-11","108453940","9339240"
"183","106","108752960","8192980"
"184","107","108752960","8265480"
"185","108","108752960","8337980"
"186","109","108752960","8410480"
"187","110","108752960","8482980"
"188","111","108752570","8566830"
"189","112","108850520","8620060"
"190","113","108926480","8620060"
"191","114","109002340","8620060"
"192","115","109109860","8574130"
"193","116","109092440","8489480"
"194","117","109092440","8429980"
"195","118","109092440","8370480"
"196","119","109092440","8310980"
"197","120","109092440","8251480"
"198","121","109092440","8191920"
"199","122","109321950","8189980"
"200","123","109329440","8255980"
"201","124","109329440","8315480"
"202","125","109329440","8374980"
"203","126","109329440","8434480"
"204","127","109329440","8493980"
"205","128","109329600","8572060"
"206","132","109427810","8620820"
"207","133","109500310","8620820"
"208","134","109572810","8620820"
"209","135","109670880","8571560"
"210","136","109668940","8482980"
"211","137","109668940","8410480"
"212","138","109668940","8337980"
"213","139","109668940","8265480"
"214","140","109668940","8192980"
"215","P2-17","108798940","8192980"
"216","P2-16","108798940","8265480"
"217","P2-15","108798940","8337980"
"218","P2-14","108798940","8410480"
"219","P2-13","108798940","8482980"
"220","P2-11","108798940","8542090"
"221","P3-20","108850540","8574230"
"222","P4-14","108926440","8574230"
"223","P5-12","109002340","8574230"
"224","P6-12","109053940","8547040"
"225","P6-14","109053940","8489480"
"226","P6-15","109053940","8429980"
"227","P6-16","109053940","8370480"
"228","P6-17","109053940","8310980"
"229","P6-18","109053940","8251480"
"230","P6-19","109053940","8191930"
"231","P9-19","109367940","8189980"
"232","P9-18","109367940","8255980"
"233","P9-17","109367940","8315480"
"234","P9-16","109367940","8374980"
"235","P9-15","109367940","8434480"
"236","P9-14","109367940","8493980"
"237","P9-12","109367940","8553420"
"238","P10-11","109427810","8577980"
"239","P11-16","109500310","8577980"
"240","P12-9","109572810","8577980"
"241","P13-11","109622940","8551920"
"242","P13-13","109622940","8482980"
"243","P13-14","109622940","8410480"
"244","P13-15","109622940","8337980"
"245","P13-16","109622940","8265480"
"246","P13-17","109622940","8192980"
"247","P3-18","108846440","8192980"
"248","P3-17","108846440","8265480"
"249","P3-16","108846440","8337980"
"250","P3-15","108846440","8410480"
"251","P3-14","108846440","8482980"
"252","P3-13","108846440","8516750"
"253","P3-11","108850560","8526730"
"254","P4-15","108926440","8526730"
"255","P5-13","109002340","8526730"
"256","P5-15","109006440","8524020"
"257","P5-16","109006440","8489480"
"258","P5-17","109006440","8429980"
"259","P5-18","109006440","8370480"
"260","P5-19","109006440","8310980"
"261","P5-20","109006440","8251480"
"262","P5-21","109006440","8191940"
"263","P10-19","109415440","8189980"
"264","P10-18","109415440","8255980"
"265","P10-17","109415440","8315480"
"266","P10-16","109415440","8374980"
"267","P10-15","109415440","8434480"
"268","P10-14","109415440","8493980"
"269","P10-13","109415440","8530320"
"270","P10-12","109427810","8530480"
"271","P11-17","109500310","8530480"
"272","P12-10-1","109572810","8530480"
"273","P12-10","109575440","8530480"
"274","P12-11","109575440","8482980"
"275","P12-12","109575440","8410480"
"276","P12-13","109575440","8337980"
"277","P12-14","109575440","8265480"
"278","P12-15","109575440","8192980"
"279","P3-12","108846440","8526730"
"280","P3-19","108846440","8150980"
"281","C-9","108846440","8095480"
"282","D-8","108846440","8015480"
"283","P5-14","109006440","8526730"
"284","P5-22","109006440","8150980"
"285","C-11","109006440","8095480"
"286","D-11","109006440","8015480"
"287","D-10","108926440","8015480"
"288","C-10","108926440","8095480"
"289","P4-26","108926440","8150980"
"290","P4-25","108926440","8192980"
"291","P4-24","108926440","8251480"
"292","P4-23","108926440","8265480"
"293","P4-22","108926440","8310980"
"294","P4-21","108926440","8337980"
"295","P4-20","108926440","8370480"
"296","P4-19","108926440","8410480"
"297","P4-18","108926440","8429980"
"298","P4-17","108926440","8482980"
"299","P4-16","108926440","8489480"
"300","D-14","109495440","8015480"
"301","C-13","109495440","8095480"
"302","P11-30","109495440","8150980"
"303","P11-29","109495440","8189980"
"304","P11-28","109495440","8192980"
"305","P11-27","109495440","8255980"
"306","P11-26","109495440","8265480"
"307","P11-25","109495440","8315480"
"308","P11-24","109495440","8337980"
"309","P11-23","109495440","8374980"
"310","P11-22","109495440","8410480"
"311","P11-21","109495440","8434480"
"312","P11-20","109495440","8482980"
"313","P11-19","109495440","8493980"
"314","P11-18","109495440","8530480"
"315","P10-20","109415440","8150980"
"316","C-12","109415440","8095480"
"317","D-13","109415440","8015480"
"318","P12-16","109575440","8150980"
"319","C-14","109575440","8095480"
"320","D-15","109575440","8015480"
"321","205","108752960","9367980"
"322","206","108752960","9295480"
"323","207","108752960","9222980"
"324","208","108752960","9150480"
"325","209","108752960","9077980"
"326","210","108752330","8994000"
"327","211","108850520","8940310"
"328","212","108926480","8940310"
"329","213","109002340","8940310"
"330","214","109109860","8986240"
"331","215","109092440","9071480"
"332","216","109092440","9130980"
"333","217","109092440","9190480"
"334","218","109092440","9249980"
"335","219","109092440","9309480"
"336","220","109092350","9369040"
"337","221","109321960","9370980"
"338","222","109329440","9304980"
"339","223","109329440","9245480"
"340","224","109329440","9185980"
"341","225","109329440","9126480"
"342","226","109329440","9066980"
"343","227","109329490","8988550"
"344","231","109427810","8939770"
"345","232","109500310","8939770"
"346","233","109572810","8939770"
"347","234","109670980","8989060"
"348","235","109668940","9077980"
"349","236","109668940","9150480"
"350","237","109668940","9222980"
"351","238","109668940","9295480"
"352","239","109668940","9367980"
"353","P2-2","108798940","9367980"
"354","P2-3","108798940","9295480"
"355","P2-4","108798940","9222980"
"356","P2-5","108798940","9150480"
"357","P2-6","108798940","9077980"
"358","P2-8","108798940","9018870"
"359","P3-10","108850540","8986730"
"360","P4-13","108926470","8986730"
"361","P5-11","109002340","8986730"
"362","P6-9","109053940","9013340"
"363","P6-7","109053940","9071480"
"364","P6-6","109053940","9130980"
"365","P6-5","109053940","9190480"
"366","P6-4","109053940","9249980"
"367","P6-3","109053940","9309480"
"368","P6-2","109053940","9369020"
"369","P9-2","109367970","9370980"
"370","P9-3","109367970","9304980"
"371","P9-4","109367970","9245480"
"372","P9-5","109367970","9185980"
"373","P9-6","109367970","9126480"
"374","P9-7","109367970","9066980"
"375","P9-9","109367970","9007390"
"376","P10-10","109427810","8982980"
"377","P11-15","109500310","8982980"
"378","P12-8","109572810","8982980"
"379","P13-8","109622940","9008890"
"380","P13-6","109622940","9077980"
"381","P13-5","109622940","9150480"
"382","P13-4","109622940","9222980"
"383","P13-3","109622940","9295480"
"384","P13-2","109622940","9367980"
"385","P3-2","108846440","9367980"
"386","P3-3","108846440","9295480"
"387","P3-4","108846440","9222980"
"388","P3-5","108846440","9150480"
"389","P3-6","108846440","9077980"
"390","P3-7","108846440","9044210"
"391","P3-9","108850560","9034230"
"392","P4-12","108926450","9034230"
"393","P5-10","109002340","9034230"
"394","P5-8","109006440","9036350"
"395","P5-7","109006440","9071480"
"396","P5-6","109006440","9130980"
"397","P5-5","109006440","9190480"
"398","P5-4","109006440","9249980"
"399","P5-3","109006440","9309480"
"400","P5-2","109006440","9369010"
"401","P10-2","109415440","9370980"
"402","P10-3","109415440","9304980"
"403","P10-4","109415440","9245480"
"404","P10-5","109415440","9185980"
"405","P10-6","109415440","9126480"
"406","P10-7","109415440","9066980"
"407","P10-8","109415440","9030480"
"408","P10-9","109427810","9030480"
"409","P11-14","109500310","9030480"
"410","P12-7-1","109572810","9030480"
"411","P12-7","109575440","9030480"
"412","P12-6","109575440","9077980"
"413","P12-5","109575440","9150480"
"414","P12-4","109575440","9222980"
"415","P12-3","109575440","9295480"
"416","P12-2","109575440","9367980"
"417","A-8","108926440","9545480"
"418","B-10","108926440","9465480"
"419","P4-1","108926440","9409980"
"420","P4-2","108926440","9368980"
"421","P4-3","108926440","9309480"
"422","P4-4","108926440","9295480"
"423","P4-5","108926440","9249980"
"424","P4-6","108926440","9222980"
"425","P4-7","108926440","9190480"
"426","P4-8","108926440","9150480"
"427","P4-9","108926440","9130980"
"428","P4-10","108926440","9077980"
"429","P4-11","108926440","9071480"
"430","P3-8","108846440","9034230"
"431","P3-1","108846440","9409980"
"432","B-9","108846440","9465480"
"433","A-7","108846440","9545480"
"434","P5-9","109006440","9034230"
"435","P5-1","109006440","9409980"
"436","B-11","109006440","9465480"
"437","A-9","109006440","9545480"
"438","A-12","109495440","9545480"
"439","B-13","109495440","9465480"
"440","P11-1","109495440","9409980"
"441","P11-2","109495440","9370980"
"442","P11-3","109495440","9367980"
"443","P11-4","109495440","9304980"
"444","P11-5","109495440","9295480"
"445","P11-6","109495440","9245480"
"446","P11-7","109495440","9222980"
"447","P11-8","109495440","9185980"
"448","P11-9","109495440","9150480"
"449","P11-10","109495440","9126480"
"450","P11-11","109495440","9077980"
"451","P11-12","109495440","9066980"
"452","P11-13","109495440","9030480"
"453","P12-1","109575440","9409980"
"454","B-14","109575440","9465480"
"455","A-14","109575440","9545480"
"456","P10-1","109415440","9409980"
"457","B-12","109415440","9465480"
"458","A-11","109415440","9545480"
"459","X3-13","110000440","8820480"
"460","E-6","110080440","8820480"
"461","F-7","110160440","8820480"
"462","X4-11","110240440","8820480"
"463","Z2-3","110400940","8820480"
"464","X9-10","110561440","8820480"
"465","W1-10","110641440","8820480"
"466","Z3-2","110801940","8820480"
"467","W6-10","110962440","8820480"
"468","X3-15","110000440","8740480"
"469","E-8","110080440","8740480"
"470","F-9","110160440","8740480"
"471","X4-13","110240440","8740480"
"472","Z2-5","110400940","8740480"
"473","X9-12","110561440","8740480"
"474","W1-12","110641440","8740480"
"475","Z3-4","110801940","8740480"
"476","W6-11","110962440","8740480"
"477","240","109906960","9359980"
"478","241","109906960","9287480"
"479","242","109906960","9214980"
"480","243","109906960","9142480"
"481","244","109906960","9069980"
"482","245","109906960","8982980"
"483","246","109906960","8910480"
"484","247","109906960","8837980"
"485","141","109906950","8200980"
"486","142","109906950","8273480"
"487","143","109906950","8345980"
"488","144","109906950","8418480"
"489","145","109906950","8490980"
"490","146","109906950","8577980"
"491","147","109906950","8650480"
"492","148","109906950","8722980"
"493","451","110328940","8908480"
"494","452","110333940","8974480"
"495","453","110333940","9046980"
"496","454","110333940","9119480"
"497","455","110334190","9205180"
"498","456","110334190","9281080"
"499","457","110334190","9356980"
"500","458","110471940","8908480"
"501","459","110467940","8974480"
"502","460","110467940","9046980"
"503","461","110467940","9119480"
"504","462","110467940","9205180"
"505","463","110467940","9281080"
"506","464","110467950","9356980"
"507","465","110729940","8908480"
"508","466","110734940","8974480"
"509","467","110734940","9046980"
"510","468","110734940","9119480"
"511","469","110735190","9205180"
"512","470","110735190","9281080"
"513","471","110735190","9356980"
"514","472","110872950","8908480"
"515","473","110868950","8974480"
"516","474","110868950","9046980"
"517","475","110868950","9119480"
"518","476","110868940","9205180"
"519","477","110868940","9281080"
"520","478","110868940","9356980"
"521","479","111131440","8911480"
"522","480","111135940","8977380"
"523","481","111135940","9049880"
"524","482","111135940","9134980"
"525","483","111135940","9207480"
"526","484","111135940","9279980"
"527","485","111135940","9352480"
"528","351","110328940","8652480"
"529","352","110333940","8586480"
"530","353","110333940","8513980"
"531","354","110333940","8441480"
"532","355","110334190","8355780"
"533","356","110334190","8279880"
"534","357","110334190","8203980"
"535","358","110471950","8652480"
"536","359","110467940","8586480"
"537","360","110467940","8513980"
"538","361","110467940","8441480"
"539","362","110467940","8355780"
"540","363","110467940","8279880"
"541","364","110467940","8203980"
"542","365","110729940","8652480"
"543","366","110734940","8586480"
"544","367","110734940","8513980"
"545","368","110734940","8441480"
"546","369","110735190","8355780"
"547","370","110735190","8279880"
"548","371","110735190","8203980"
"549","374","110868930","8513980"
"550","375","110868930","8441480"
"551","376","110868940","8355780"
"552","377","110868940","8279880"
"553","378","110868940","8203980"
"554","379","111131440","8649480"
"555","380","111135940","8583580"
"556","381","111135940","8511080"
"557","382","111135940","8421080"
"558","383","111135940","8348580"
"559","384","111135940","8276080"
"560","385","111135940","8203580"
"561","X2-2","109952940","9359980"
"562","X2-3","109952940","9287480"
"563","X2-4","109952940","9214980"
"564","X2-5","109952940","9142480"
"565","X2-6","109952940","9069980"
"566","X2-8","109952940","8982980"
"567","X2-9","109952940","8910480"
"568","X2-11","109952940","8837980"
"569","X2-24","109952940","8200980"
"570","X2-23","109952940","8273480"
"571","X2-22","109952940","8345980"
"572","X2-21","109952940","8418480"
"573","X2-20","109952940","8490980"
"574","X2-18","109952940","8577980"
"575","X2-17","109952940","8650480"
"576","X2-15","109952940","8722980"
"577","X5-9","110287940","8908480"
"578","X5-8","110287940","8974480"
"579","X5-7","110287940","9046980"
"580","X5-6","110287940","9119480"
"581","X5-4","110287940","9205180"
"582","X5-3","110287940","9281080"
"583","X5-2","110287940","9356980"
"584","X8-9","110513940","8908480"
"585","X8-8","110513940","8974480"
"586","X8-7","110513940","9046980"
"587","X8-6","110513940","9119480"
"588","X8-4","110513940","9205180"
"589","X8-3","110513940","9281080"
"590","X8-2","110513940","9356980"
"591","W2-9","110688940","8908480"
"592","W2-8","110688940","8974480"
"593","W2-7","110688940","9046980"
"594","W2-6","110688940","9119480"
"595","W2-4","110688940","9205180"
"596","W2-3","110688940","9281080"
"597","W2-2","110688940","9356980"
"598","W5-9","110914940","8908480"
"599","W5-8","110914940","8974480"
"600","W5-7","110914940","9046980"
"601","W5-6","110914940","9119480"
"602","W5-4","110914940","9205180"
"603","W5-3","110914940","9281080"
"604","W5-2","110914940","9356980"
"605","W8-9","111089940","8911480"
"606","W8-8","111089940","8977380"
"607","W8-7","111089940","9049880"
"608","W8-5","111089940","9134980"
"609","W8-4","111089940","9207480"
"610","W8-3","111089940","9279980"
"611","W8-2","111089940","9352480"
"612","X5-12","110287940","8652480"
"613","X5-13","110287940","8586480"
"614","X5-14","110287940","8513980"
"615","X5-15","110287940","8441480"
"616","X5-17","110287940","8355780"
"617","X5-18","110287940","8279880"
"618","X5-19","110287940","8203980"
"619","X8-12","110513940","8652480"
"620","X8-13","110513940","8586480"
"621","X8-14","110513940","8513980"
"622","X8-15","110513940","8441480"
"623","X8-17","110513940","8355780"
"624","X8-18","110513940","8279880"
"625","X8-19","110513940","8203980"
"626","W2-12","110688940","8652480"
"627","W2-13","110688940","8586480"
"628","W2-14","110688940","8513980"
"629","W2-15","110688940","8441480"
"630","W2-17","110688940","8355780"
"631","W2-18","110688940","8279880"
"632","W2-19","110688940","8203980"
"633","W5-12","110914940","8513980"
"634","W5-13","110914940","8441480"
"635","W5-15","110914940","8355780"
"636","W5-16","110914940","8279880"
"637","W5-17","110914940","8203980"
"638","W8-12","111089940","8649480"
"639","W8-13","111089940","8583580"
"640","W8-14","111089940","8511080"
"641","W8-16","111089940","8421080"
"642","W8-17","111089940","8348580"
"643","W8-18","111089940","8276080"
"644","W8-19","111089940","8203580"
"645","X3-2","110000440","9359980"
"646","X3-3","110000440","9287480"
"647","X3-4","110000440","9214980"
"648","X3-6","110000440","9142480"
"649","X3-8","110000440","9069980"
"650","X3-9","110000440","8982980"
"651","X3-10","110000440","8910480"
"652","X3-12","110000440","8837980"
"653","X3-26","110000440","8200980"
"654","X3-25","110000440","8273480"
"655","X3-24","110000440","8345980"
"656","X3-22","110000440","8418480"
"657","X3-20","110000440","8490980"
"658","X3-19","110000440","8577980"
"659","X3-18","110000440","8650480"
"660","X3-16","110000440","8722980"
"661","X4-9","110240440","8908480"
"662","X4-8","110240440","8974480"
"663","X4-7","110240440","9046980"
"664","X4-5","110240440","9119480"
"665","X4-3","110240440","9205180"
"666","X4-2","110240440","9281080"
"667","X4-1","110240440","9356980"
"668","X9-8","110561440","8908480"
"669","X9-7","110561440","8974480"
"670","X9-6","110561440","9046980"
"671","X9-5","110561440","9119480"
"672","X9-4","110561440","9205180"
"673","X9-3","110561440","9281080"
"674","X9-2","110561440","9356980"
"675","W1-8","110641440","8908480"
"676","W1-7","110641440","8974480"
"677","W1-6","110641440","9046980"
"678","W1-5","110641440","9119480"
"679","W1-4","110641440","9205180"
"680","W1-3","110641440","9281080"
"681","W1-2","110641440","9356980"
"682","W6-8","110962440","8908480"
"683","W6-7","110962440","8974480"
"684","W6-6","110962440","9046980"
"685","W6-5","110962440","9119480"
"686","W6-4","110962440","9205180"
"687","W6-3","110962440","9281080"
"688","W6-2","110962440","9356980"
"689","W7-8","111042440","8911480"
"690","W7-7","111042440","8977380"
"691","W7-6","111042440","9049880"
"692","W7-5","111042440","9134980"
"693","W7-4","111042440","9207480"
"694","W7-3","111042440","9279980"
"695","W7-2","111042440","9352480"
"696","X4-15","110240440","8652480"
"697","X4-16","110240440","8586480"
"698","X4-17","110240440","8513980"
"699","X4-19","110240440","8441480"
"700","X4-21","110240440","8355780"
"701","X4-22","110240440","8279880"
"702","X4-23","110240440","8203980"
"703","X9-14","110561440","8652480"
"704","X9-15","110561440","8586480"
"705","X9-16","110561440","8513980"
"706","X9-17","110561440","8441480"
"707","X9-18","110561440","8355780"
"708","X9-19","110561440","8279880"
"709","X9-20","110561440","8203980"
"710","W1-14","110641440","8652480"
"711","W1-15","110641440","8586480"
"712","W1-16","110641440","8513980"
"713","W1-17","110641440","8441480"
"714","W1-18","110641440","8355780"
"715","W1-19","110641440","8279880"
"716","W1-20","110641440","8203980"
"717","W6-13","110962440","8513980"
"718","W6-14","110962440","8441480"
"719","W6-15","110962440","8355780"
"720","W6-16","110962440","8279880"
"721","W6-17","110962440","8203980"
"722","W7-13","111042440","8649480"
"723","W7-14","111042440","8583580"
"724","W7-15","111042440","8511080"
"725","W7-16","111042440","8421080"
"726","W7-17","111042440","8348580"
"727","W7-18","111042440","8276080"
"728","W7-19","111042440","8203580"
"729","A-15","110000440","9545480"
"730","B-15","110000440","9465480"
"731","X3-1","110000440","9409980"
"732","X3-5","110000440","9155480"
"733","X3-7","110000440","9075480"
"734","X3-11","110000440","8874730"
"735","X3-14","110000440","8780480"
"736","X3-17","110000440","8686230"
"737","X3-21","110000440","8485480"
"738","X3-23","110000440","8405480"
"739","X3-27","110000440","8150980"
"740","C-15","110000440","8095480"
"741","D-16","110000440","8015480"
"742","E-1","110080440","9465480"
"743","E-2","110080440","9409980"
"744","E-3","110080440","9155480"
"745","E-4","110080440","9075480"
"746","E-5","110080440","8874730"
"747","E-7","110080440","8780480"
"748","E-9","110080440","8686230"
"749","E-10","110080440","8485480"
"750","E-11","110080440","8405480"
"751","E-12","110080440","8150980"
"752","E-13","110080440","8095480"
"753","D-17","110080440","8015480"
"754","D-18","110160440","8015480"
"755","F-15","110160440","8095480"
"756","F-14","110160440","8150980"
"757","F-13","110160440","8202480"
"758","F-12","110160440","8405480"
"759","F-11","110160440","8485480"
"760","F-10","110160440","8686230"
"761","F-8","110160440","8780480"
"762","F-6","110160440","8874730"
"763","F-5","110160440","9075480"
"764","F-4","110160440","9155480"
"765","F-3","110160440","9358480"
"766","F-2","110160440","9409980"
"767","F-1","110160440","9465480"
"768","X4-4","110240440","9155480"
"769","X4-6","110240440","9075480"
"770","X4-10","110240440","8874730"
"771","X4-12","110240440","8780480"
"772","X4-14","110240440","8686230"
"773","X4-18","110240440","8485480"
"774","X4-20","110240440","8405480"
"775","A-19","110561440","9545480"
"776","B-16","110561440","9465480"
"777","X9-1","110561440","9409980"
"778","X9-9","110561440","8874730"
"779","X9-11","110561440","8780480"
"780","X9-13","110561440","8686230"
"781","X9-21","110561440","8150980"
"782","C-16","110561440","8095480"
"783","A-20","110641440","9545480"
"784","B-17","110641440","9465480"
"785","W1-1","110641440","9409980"
"786","W1-9","110641440","8874730"
"787","W1-11","110641440","8780480"
"788","W1-13","110641440","8686230"
"789","W1-21","110641440","8150980"
"790","C-17","110641440","8095480"
"791","A-22","110962440","9545480"
"792","B-18","110962440","9465480"
"793","W6-1","110962440","9409980"
"794","W6-9","110962440","8874730"
"795","W6-12","110962440","8686230"
"796","W6-18","110962440","8150980"
"797","C-18","110962440","8095480"
"798","A-23","111042440","9545480"
"799","B-19","111042440","9465480"
"800","W7-1","111042440","9409980"
"801","W7-9","111042440","8874730"
"802","W7-10","111042440","8820480"
"803","W7-11","111042440","8740480"
"804","W7-12","111042440","8686230"
"805","W7-20","111042440","8150980"
"806","C-19","111042440","8095480"
"807","D-20","110561440","8015480"
"808","D-21","110641440","8015480"
"809","D-23","110962440","8015480"
"810","D-24","111042440","8015480"
"811","L-1","108200440","9730480"
"812","L-2","108400440","9730480"
"813","L-3","108943130","9730480"
"814","L-4","109393130","9730480"
"815","L-5","109843130","9730480"
"816","L-6","110134760","9730480"
"817","L-7","110584760","9730480"
"818","L-8","111034760","9730480"
"819","L-9","111577440","9730480"
"820","A-4","108200440","9545480"
"821","A-17","110160440","9545480"
"822","A-16","110080440","9545480"
"823","A-13","109522700","9545480"
"824","A-10","109072700","9545480"
"825","A-6","108622700","9545480"
"826","A-5","108400440","9545480"
"827","A-3","108131630","9545480"
"828","A-18","110455190","9545480"
"829","A-21","110905190","9545480"
"830","A-24","111355190","9545480"
"831","A-25","111577440","9545480"
"832","B-3","108137600","9465480"
"833","B-4","108151440","9465480"
"834","B-5","108200440","9465480"
"835","B-7","108400440","9465480"
"836","B-20","111577440","9465480"
"837","B-21","111777440","9465480"
"838","C-2","107938470","8095480"
"839","C-4","108000440","8095480"
"840","C-5","108152440","8095480"
"841","C-6","108200440","8095480"
"842","C-20","111377440","8095480"
"843","C-21","111577440","8095480"
"844","D-12","109322700","8015480"
"845","D-9","108872700","8015480"
"846","D-7","108789190","8015480"
"847","D-4","108200440","8015480"
"848","D-3","108000440","8015480"
"849","D-2","107932500","8015480"
"850","D-19","110255190","8015480"
"851","D-22","110705190","8015480"
"852","D-25","111045900","8015480"
"853","D-26","111125900","8015480"
"854","D-27","111155190","8015480"
"855","D-28","111377440","8015480"
"856","R-7","109934760","7830480"
"857","R-8","110384760","7830480"
"858","R-1","108000440","7830480"
"859","R-2","108200440","7830480"
"860","R-3","108743130","7830480"
"861","R-4","108789190","7830480"
"862","R-5","109193130","7830480"
"863","R-6","109643130","7830480"
"864","R-9","110834760","7830480"
"865","R-10","111045900","7830480"
"866","R-11","111125900","7830480"
"867","R-12","111377440","7830480"
"868","M3-26","108341440","8496480"
"869","N3-27","108331440","9064480"
"870","Y-2","110080440","7914590"
"871","L-10","111777440","9730480"
"872","A-26","111777440","9545480"
"873","D-29","111577440","8015480"
"874","R-13","111577440","7830480"
"875","109-1","108752960","8410480"
"876","110-1","108752960","8482980"
"877","111-1","108752570","8566830"
"878","112-1","108850520","8620060"
"879","113-1","108926480","8620060"
"880","132-1","109427810","8620820"
"881","133-1","109500310","8620820"
"882","134-1","109572810","8620820"
"883","135-1","109670880","8571560"
"884","211-1","108850520","8940310"
"885","212-1","108926480","8940310"
"886","109-2","108752960","8410480"
"887","110-2","108752960","8482980"
"888","111-2","108752570","8566830"
"889","112-2","108850520","8620060"
"890","113-2","108926480","8620060"
"891","132-2","109427810","8620820"
"892","133-2","109500310","8620820"
"893","134-2","109572810","8620820"
"894","135-2","109670880","8571560"
"895","211-2","108850520","8940310"
"896","212-2","108926480","8940310"
"897","GSE-1","107786940","9243030"
"898","GSE-10","110400940","9111480"
"899","GSE-11","110400940","8449480"
"900","GSE-12","110400940","8327230"
"901","GSE-13","110801940","9233730"
"902","GSE-14","110801940","9111480"
"903","GSE-15","110801940","8449480"
"904","GSE-16","110801940","8327230"
"905","GSE-17","111196940","9207980"
"906","GSE-18","111196940","8983060"
"907","GSE-19","111196940","8560340"
"908","GSE-2","107787940","8329620"
"909","GSE-20","111196940","8337840"
"910","GSE-3","108095940","9261120"
"911","GSE-4","108096940","8329620"
"912","GSE-5","108740940","8647770"
"913","GSE-6","109103940","8912890"
"914","GSE-7","109342890","8647770"
"915","GSE-8","109673940","8912890"
"916","GSE-9","110400940","9233730"
"917","M1-1","107585940","8201390"
"918","M1-10","107680940","8187160"
"919","M1-16","107680940","8503980"
"920","M1-17","107713440","8503980"
"921","M1-18","107777440","8503980"
"922","M1-19","107777440","8448980"
"923","M1-2","107585940","8503980"
"924","M1-20","107777440","8400770"
"925","M1-21","107777440","8341270"
"926","M1-22","107777440","8329620"
"927","M1-23","107777440","8281770"
"928","M1-24","107777440","8222270"
"929","M1-25","107777440","8172690"
"930","M2-1","107798440","8169550"
"931","M2-15","107894940","8155090"
"932","M2-16","107922360","8150980"
"933","M2-2","107798440","8218980"
"934","M2-27","107989940","8503980"
"935","M2-3","107798440","8278480"
"936","M2-32","107989940","8150980"
"937","M2-33","108086440","8150980"
"938","M2-34","108086440","8217850"
"939","M2-35","108086440","8290350"
"940","M2-36","108086440","8329620"
"941","M2-37","108086440","8362470"
"942","M2-38","108086440","8437690"
"943","M2-39","108086440","8503980"
"944","M2-4","107798440","8329620"
"945","M2-5","107798440","8337980"
"946","M2-6","107798440","8397480"
"947","M2-7","107798440","8448980"
"948","M2-8","107798440","8503980"
"949","M2-9","107894940","8503980"
"950","M3-1","108107440","8150980"
"951","M3-14","108197440","8503980"
"952","M3-19","108197440","8150980"
"953","M3-2","108107440","8192980"
"954","M3-20","108293940","8150980"
"955","M3-25","108293940","8503980"
"956","M3-3","108107440","8267980"
"957","M3-4","108107440","8329620"
"958","M3-5","108107440","8342980"
"959","M3-6","108107440","8417980"
"960","M3-7","108107440","8503980"
"961","M4-14","108468940","8150980"
"962","M4-15","108555690","8150980"
"963","M4-16","108555690","8181980"
"964","M4-17","108555690","8199690"
"965","M4-18","108555690","8224450"
"966","M4-19","108555690","8259190"
"967","M4-20","108555690","8309450"
"968","M4-21","108555690","8318690"
"969","M4-22","108555690","8378190"
"970","M4-23","108555690","8400750"
"971","M4-24","108555690","8437920"
"972","M4-25","108555690","8485750"
"973","M4-26","108555690","8503980"
"974","M4-8","108468940","8503980"
"975","N1-1","107585940","9329600"
"976","N1-10","107679940","9343700"
"977","N1-16","107679940","9056980"
"978","N1-17","107713440","9056980"
"979","N1-18","107776440","9056980"
"980","N1-19","107776440","9107240"
"981","N1-2","107585940","9056980"
"982","N1-20","107776440","9147740"
"983","N1-21","107776440","9196240"
"984","N1-22","107776440","9243030"
"985","N1-23","107776440","9255740"
"986","N1-24","107776440","9315240"
"987","N1-25","107776440","9358190"
"988","N2-1","107797440","9361340"
"989","N2-15","107893940","9375820"
"990","N2-2","107797440","9336480"
"991","N2-26","107988940","9056980"
"992","N2-3","107797440","9277130"
"993","N2-31","107988940","9390080"
"994","N2-32","108085440","9404560"
"995","N2-33","108085440","9349980"
"996","N2-34","108085440","9277480"
"997","N2-35","108085440","9261120"
"998","N2-36","108085440","9204980"
"999","N2-37","108085440","9118480"
"1000","N2-38","108085440","9056980"
"1001","N2-4","107797440","9243030"
"1002","N2-5","107797440","9217480"
"1003","N2-6","107797440","9157980"
"1004","N2-7","107797440","9109480"
"1005","N2-8","107797440","9056980"
"1006","N2-9","107893940","9056980"
"1007","N3-1","108106440","9407710"
"1008","N3-15","108196440","9056980"
"1009","N3-2","108106440","9367980"
"1010","N3-20","108196440","9409980"
"1011","N3-21","108293940","9409980"
"1012","N3-26","108293940","9056980"
"1013","N3-3","108106440","9292980"
"1014","N3-4","108106440","9261120"
"1015","N3-5","108106440","9217980"
"1016","N3-6","108106440","9142980"
"1017","N3-7","108106440","9056980"
"1018","N3-8","108121520","9409980"
"1019","N4-12","108453940","9409980"
"1020","N4-13","108555690","9409980"
"1021","N4-14","108555690","9378980"
"1022","N4-15","108555690","9339240"
"1023","N4-16","108555690","9336500"
"1024","N4-17","108555690","9266740"
"1025","N4-18","108555690","9251500"
"1026","N4-19","108555690","9194240"
"1027","N4-20","108555690","9158280"
"1028","N4-21","108555690","9121740"
"1029","N4-22","108555690","9073280"
"1030","N4-23","108555690","9056980"
"1031","N4-7","108453940","9056980"
"1032","P1-1","108677440","9409980"
"1033","P1-10","108677440","9077980"
"1034","P1-11","108677440","9073280"
"1035","P1-12","108677440","9035980"
"1036","P1-13","108677440","8994000"
"1037","P1-14","108677440","8885480"
"1038","P1-15","108677440","8675480"
"1039","P1-16","108677440","8647770"
"1040","P1-17","108677440","8566830"
"1041","P1-18","108677440","8525130"
"1042","P1-19","108677440","8485750"
"1043","P1-2","108677440","9378980"
"1044","P1-20","108677440","8482980"
"1045","P1-21","108677440","8410480"
"1046","P1-22","108677440","8400750"
"1047","P1-23","108677440","8337980"
"1048","P1-24","108677440","8309450"
"1049","P1-25","108677440","8265480"
"1050","P1-26","108677440","8224450"
"1051","P1-27","108677440","8192980"
"1052","P1-28","108677440","8181980"
"1053","P1-29","108677440","8150980"
"1054","P1-3","108677440","9367980"
"1055","P13-1","109622940","9409980"
"1056","P13-10","109622940","8577980"
"1057","P13-12","109622940","8524980"
"1058","P13-18","109622940","8150980"
"1059","P13-7","109622940","9035980"
"1060","P13-9","109622940","8982980"
"1061","P1-4","108677440","9336500"
"1062","P14-1","109729440","9409980"
"1063","P14-10","109729440","9065950"
"1064","P14-11","109729440","9035980"
"1065","P14-12","109729440","8989060"
"1066","P14-13","109729440","8961460"
"1067","P14-14","109729440","8912890"
"1068","P14-15","109729440","8885230"
"1069","P14-16","109729440","8675730"
"1070","P14-17","109729440","8599490"
"1071","P14-18","109729440","8571560"
"1072","P14-19","109729440","8524980"
"1073","P14-2","109729440","9379980"
"1074","P14-20","109729440","8495010"
"1075","P14-21","109729440","8482980"
"1076","P14-22","109729440","8410480"
"1077","P14-23","109729440","8337980"
"1078","P14-24","109729440","8313980"
"1079","P14-25","109729440","8265480"
"1080","P14-26","109729440","8228980"
"1081","P14-27","109729440","8192980"
"1082","P14-28","109729440","8180980"
"1083","P14-29","109729440","8150980"
"1084","P14-3","109729440","9367980"
"1085","P14-4","109729440","9331980"
"1086","P14-5","109729440","9295480"
"1087","P14-6","109729440","9246980"
"1088","P14-7","109729440","9222980"
"1089","P14-8","109729440","9150950"
"1090","P14-9","109729440","9077980"
"1091","P1-5","108677440","9295480"
"1092","P1-6","108677440","9251500"
"1093","P1-7","108677440","9222980"
"1094","P1-8","108677440","9158280"
"1095","P1-9","108677440","9150480"
"1096","P2-1","108798940","9409980"
"1097","P2-10","108798940","8574230"
"1098","P2-12","108798940","8525130"
"1099","P2-18","108798940","8150980"
"1100","P2-7","108798940","9035980"
"1101","P2-9","108798940","8986730"
"1102","P6-1","109053940","9409980"
"1103","P6-10","109053940","8986730"
"1104","P6-11","109053940","8574230"
"1105","P6-13","109053940","8525130"
"1106","P6-20","109053940","8150980"
"1107","P6-8","109053940","9035980"
"1108","P7-1","109159440","9409980"
"1109","P7-10","109159440","9115980"
"1110","P7-11","109159440","9071480"
"1111","P7-12","109159440","9035980"
"1112","P7-13","109159440","9017980"
"1113","P7-14","109159440","8986240"
"1114","P7-15","109159440","8932980"
"1115","P7-16","109159440","8912890"
"1116","P7-17","109159440","8885480"
"1117","P7-18","109159440","8833460"
"1118","P7-19","109159440","8725910"
"1119","P7-2","109159440","9369040"
"1120","P7-20","109159440","8675480"
"1121","P7-21","109159440","8624980"
"1122","P7-22","109159440","8574130"
"1123","P7-23","109159440","8539980"
"1124","P7-24","109159440","8525130"
"1125","P7-25","109159440","8489480"
"1126","P7-26","109159440","8441980"
"1127","P7-27","109159440","8429980"
"1128","P7-28","109159440","8370480"
"1129","P7-29","109159440","8356980"
"1130","P7-3","109159440","9338480"
"1131","P7-30","109159440","8310980"
"1132","P7-31","109159440","8293980"
"1133","P7-32","109159440","8251480"
"1134","P7-33","109159440","8222480"
"1135","P7-34","109159440","8191920"
"1136","P7-35","109159440","8150980"
"1137","P7-4","109159440","9309480"
"1138","P7-5","109159440","9266980"
"1139","P7-6","109159440","9249980"
"1140","P7-7","109159440","9200980"
"1141","P7-8","109159440","9190480"
"1142","P7-9","109159440","9130980"
"1143","P8-1","109264440","9409980"
"1144","P8-10","109279390","9126480"
"1145","P8-11","109279390","9115980"
"1146","P8-12","109279390","9066980"
"1147","P8-13","109279390","9032980"
"1148","P8-14","109279390","9017980"
"1149","P8-15","109279390","8988550"
"1150","P8-16","109279390","8932980"
"1151","P8-17","109279390","8885230"
"1152","P8-18","109279390","8833460"
"1153","P8-19","109279390","8725910"
"1154","P8-2","109264440","9370980"
"1155","P8-20","109279390","8675730"
"1156","P8-21","109279390","8647770"
"1157","P8-22","109279390","8624980"
"1158","P8-23","109279390","8572060"
"1159","P8-24","109279390","8539980"
"1160","P8-25","109279390","8527980"
"1161","P8-26","109279390","8493980"
"1162","P8-27","109279390","8441980"
"1163","P8-28","109279390","8434480"
"1164","P8-29","109279390","8374980"
"1165","P8-3","109264440","9354870"
"1166","P8-30","109279390","8356980"
"1167","P8-31","109279390","8315480"
"1168","P8-32","109279390","8293980"
"1169","P8-33","109279390","8255980"
"1170","P8-34","109279390","8222480"
"1171","P8-34-1","109279390","8221040"
"1172","P8-35","109264440","8206070"
"1173","P8-36","109264440","8189980"
"1174","P8-37","109264440","8150980"
"1175","P8-4","109279390","9338480"
"1176","P8-4-1","109279390","9339920"
"1177","P8-5","109279390","9304980"
"1178","P8-6","109279390","9266980"
"1179","P8-7","109279390","9245480"
"1180","P8-8","109279390","9200980"
"1181","P8-9","109279390","9185980"
"1182","P9-1","109367970","9409980"
"1183","P9-10","109367970","8982980"
"1184","P9-11","109367940","8577980"
"1185","P9-13","109367940","8527980"
"1186","P9-20","109367940","8150980"
"1187","P9-8","109367970","9032980"
"1188","Q1-1","108730550","8885480"
"1189","Q1-10","109120050","8885480"
"1190","Q1-11","109120050","8780480"
"1191","Q1-12","109050550","8780480"
"1192","Q1-13","108946240","8780480"
"1193","Q1-14","108876740","8780480"
"1194","Q1-15","108800050","8780480"
"1195","Q1-16","108730550","8780480"
"1196","Q1-17","108730550","8675480"
"1197","Q1-18","108740940","8675480"
"1198","Q1-19","108800050","8675480"
"1199","Q1-2","108800050","8885480"
"1200","Q1-20","108850520","8675480"
"1201","Q1-21","108876740","8675480"
"1202","Q1-22","108926480","8675480"
"1203","Q1-23","108946240","8675480"
"1204","Q1-24","109002340","8675480"
"1205","Q1-25","109050550","8675480"
"1206","Q1-26","109120050","8675480"
"1207","Q1-3","108850520","8885480"
"1208","Q1-4","108876740","8885480"
"1209","Q1-5","108926480","8885480"
"1210","Q1-6","108946240","8885480"
"1211","Q1-7","109002340","8885480"
"1212","Q1-8","109050550","8885480"
"1213","Q1-9","109103940","8885480"
"1214","Q2-1","109338240","8885230"
"1215","Q2-10","109673560","8779730"
"1216","Q2-11","109629940","8779730"
"1217","Q2-12","109604060","8779730"
"1218","Q2-13","109537550","8779730"
"1219","Q2-14","109523050","8779730"
"1220","Q2-15","109453550","8779730"
"1221","Q2-16","109338240","8779730"
"1222","Q2-16","109338240","8675730"
"1223","Q2-17","109342890","8675730"
"1224","Q2-18","109427810","8675730"
"1225","Q2-19","109453550","8675730"
"1226","Q2-2","109427810","8885230"
"1227","Q2-20","109500310","8675730"
"1228","Q2-21","109537550","8675730"
"1229","Q2-22","109572810","8675730"
"1230","Q2-23","109629940","8675730"
"1231","Q2-24","109684940","8675730"
"1232","Q2-3","109453550","8885230"
"1233","Q2-4","109500310","8885230"
"1234","Q2-5","109523050","8885230"
"1235","Q2-6","109572810","8885230"
"1236","Q2-7","109604060","8885230"
"1237","Q2-8","109673560","8885230"
"1238","Q2-9","109684940","8779730"
"1239","Re1","108616570","9336500"
"1240","Re10","109789690","8228980"
"1241","Re11","109219550","8624980"
"1242","Re12","109219690","8356980"
"1243","Re13","108617230","8485750"
"1244","Re14","108617240","8224450"
"1245","Re15","108730550","8832980"
"1246","Re16","108946240","8832980"
"1247","Re17","109050550","8832980"
"1248","Re18","109219440","8833460"
"1249","Re19","109338240","8832480"
"1250","Re2","108616570","9073280"
"1251","Re20","109453550","8832480"
"1252","Re21","109673560","8832480"
"1253","Re22","109789690","8725910"
"1254","Re23","109537550","8727730"
"1255","Re24","109453550","8727730"
"1256","Re25","109338240","8727730"
"1257","Re26","109219490","8725910"
"1258","Re27","109050550","8727980"
"1259","Re28","108946240","8727980"
"1260","Re29","108730550","8727980"
"1261","Re3","109219240","9200980"
"1262","Re4","109219380","8932980"
"1263","Re5","109789690","9331980"
"1264","Re6","109789690","9065950"
"1265","Re7","109789690","8961460"
"1266","Re8","109789690","8599490"
"1267","Re9","109789690","8495010"
"1268","Un1","108616570","9251500"
"1269","Un10","109219650","8441980"
"1270","Un11","108617230","8400750"
"1271","Un12","108617240","8309450"
"1272","Un13","108800050","8832980"
"1273","Un14","108876740","8832980"
"1274","Un15","109120050","8832980"
"1275","Un16","109523050","8832480"
"1276","Un17","109604060","8832480"
"1277","Un18","109789690","8833940"
"1278","Un19","109684940","8727730"
"1279","Un2","108616570","9158280"
"1280","Un20","109629940","8727730"
"1281","Un21","109120050","8727980"
"1282","Un22","108876740","8727980"
"1283","Un23","108800050","8727980"
"1284","Un3","109219280","9115980"
"1285","Un4","109219340","9017980"
"1286","Un5","109789690","9246980"
"1287","Un6","109789690","9150950"
"1288","Un7","109789690","8410010"
"1289","Un8","109789690","8313980"
"1290","Un9","109219600","8539980"
"1291","W2-1","110688940","9409980"
"1292","W2-10","110688940","8874730"
"1293","W2-11","110688940","8686230"
"1294","W2-16","110688940","8399730"
"1295","W2-20","110688940","8150980"
"1296","W2-5","110688940","9161230"
"1297","W3-1","110785440","9409980"
"1298","W3-10","110785440","8974480"
"1299","W3-11","110785440","8908480"
"1300","W3-12","110785440","8874730"
"1301","W3-13","110785440","8686230"
"1302","W3-14","110785440","8652480"
"1303","W3-15","110785440","8586480"
"1304","W3-16","110785440","8513980"
"1305","W3-17","110785440","8449480"
"1306","W3-18","110785440","8441480"
"1307","W3-19","110785440","8399730"
"1308","W3-2","110785440","9356980"
"1309","W3-20","110785440","8355780"
"1310","W3-21","110785440","8327230"
"1311","W3-22","110785440","8279880"
"1312","W3-23","110785440","8203980"
"1313","W3-24","110785440","8150980"
"1314","W3-3","110785440","9281080"
"1315","W3-4","110785440","9233730"
"1316","W3-5","110785440","9205180"
"1317","W3-6","110785440","9161230"
"1318","W3-7","110785440","9119480"
"1319","W3-8","110785440","9111480"
"1320","W3-9","110785440","9046980"
"1321","W4-1","110818440","9409980"
"1322","W4-10","110818440","8974480"
"1323","W4-11","110818440","8908480"
"1324","W4-12","110818440","8874730"
"1325","W4-13","110818440","8686230"
"1326","W4-14","110818440","8513980"
"1327","W4-15","110818440","8449480"
"1328","W4-16","110818440","8441480"
"1329","W4-17","110818440","8399730"
"1330","W4-18","110818440","8355780"
"1331","W4-19","110818440","8327230"
"1332","W4-2","110818440","9356980"
"1333","W4-20","110818440","8279880"
"1334","W4-21","110818440","8203980"
"1335","W4-22","110818440","8150980"
"1336","W4-3","110818440","9281080"
"1337","W4-4","110818440","9233730"
"1338","W4-5","110818440","9205180"
"1339","W4-6","110818440","9161230"
"1340","W4-7","110818440","9119480"
"1341","W4-8","110818440","9111480"
"1342","W4-9","110818440","9046980"
"1343","W5-1","110914940","9409980"
"1344","W5-10","110914940","8874730"
"1345","W5-11","110914940","8686230"
"1346","W5-14","110914940","8399730"
"1347","W5-18","110914940","8150980"
"1348","W5-5","110914940","9161230"
"1349","W8-1","111089940","9409980"
"1350","W8-10","111089940","8874730"
"1351","W8-11","111089940","8686230"
"1352","W8-15","111089940","8470980"
"1353","W8-20","111089940","8150980"
"1354","W8-6","111089940","9089980"
"1355","W9-1","111186440","9409980"
"1356","W9-10","111186440","8911480"
"1357","W9-11","111186440","8874730"
"1358","W9-12","111186440","8686230"
"1359","W9-13","111186440","8649480"
"1360","W9-14","111186440","8583580"
"1361","W9-15","111186440","8560340"
"1362","W9-16","111186440","8511080"
"1363","W9-17","111186440","8470980"
"1364","W9-18","111186440","8421080"
"1365","W9-19","111186440","8348580"
"1366","W9-2","111186440","9352480"
"1367","W9-20","111186440","8337840"
"1368","W9-21","111186440","8276080"
"1369","W9-22","111186440","8203580"
"1370","W9-23","111186440","8150980"
"1371","W9-3","111186440","9279980"
"1372","W9-4","111186440","9207980"
"1373","W9-5","111186440","9134980"
"1374","W9-6","111186440","9089980"
"1375","W9-7","111186440","9049880"
"1376","W9-8","111186440","8983060"
"1377","W9-9","111186440","8977380"
"1378","X1-1","109849440","9379980"
"1379","X1-10","109849440","9065950"
"1380","X1-11","109849440","9027980"
"1381","X1-12","109849440","8982980"
"1382","X1-13","109849440","8961460"
"1383","X1-14","109849440","8910480"
"1384","X1-15","109849440","8837980"
"1385","X1-16","109849440","8833940"
"1386","X1-17","109849440","8795980"
"1387","X1-18","109849440","8780480"
"1388","X1-19","109849440","8764980"
"1389","X1-2","109849440","9359980"
"1390","X1-20","109849440","8725910"
"1391","X1-21","109849440","8722980"
"1392","X1-22","109849440","8650480"
"1393","X1-23","109849440","8599490"
"1394","X1-24","109849440","8577980"
"1395","X1-25","109849440","8532980"
"1396","X1-26","109849440","8495010"
"1397","X1-27","109849440","8490980"
"1398","X1-28","109849440","8418480"
"1399","X1-29","109849440","8410010"
"1400","X1-3","109849440","9331980"
"1401","X1-30","109849440","8345980"
"1402","X1-31","109849440","8313980"
"1403","X1-32","109849440","8273480"
"1404","X1-33","109849440","8228980"
"1405","X1-34","109849440","8200980"
"1406","X1-35","109849440","8180980"
"1407","X1-4","109849440","9287480"
"1408","X1-5","109849440","9246980"
"1409","X1-6","109849440","9214980"
"1410","X1-7","109849440","9150950"
"1411","X1-8","109849440","9142480"
"1412","X1-9","109849440","9069980"
"1413","X2-1","109952940","9400980"
"1414","X2-10","109952940","8874730"
"1415","X2-12","109952940","8795980"
"1416","X2-13","109952940","8780480"
"1417","X2-14","109952940","8764980"
"1418","X2-16","109952940","8686230"
"1419","X2-19","109952940","8532980"
"1420","X2-25","109952940","8159980"
"1421","X2-7","109952940","9027980"
"1422","X5-1","110287940","9396680"
"1423","X5-10","110287940","8874730"
"1424","X5-11","110287940","8686230"
"1425","X5-16","110287940","8399730"
"1426","X5-20","110287940","8164280"
"1427","X5-5","110287940","9161230"
"1428","X6-1","110384440","9409980"
"1429","X6-10","110384440","9111480"
"1430","X6-11","110384440","9046980"
"1431","X6-12","110384440","9038980"
"1432","X6-13","110384440","8974480"
"1433","X6-14","110384440","8908480"
"1434","X6-15","110384440","8874730"
"1435","X6-16","110384440","8686230"
"1436","X6-17","110384440","8652480"
"1437","X6-18","110384440","8586480"
"1438","X6-19","110384440","8521980"
"1439","X6-2","110384440","9396680"
"1440","X6-20","110384440","8513980"
"1441","X6-21","110384440","8449480"
"1442","X6-22","110384440","8441480"
"1443","X6-23","110384440","8399730"
"1444","X6-24","110384440","8355780"
"1445","X6-25","110384440","8327230"
"1446","X6-26","110384440","8279880"
"1447","X6-27","110384440","8209480"
"1448","X6-28","110384440","8203980"
"1449","X6-29","110384440","8164280"
"1450","X6-3","110384440","9356980"
"1451","X6-30","110384440","8150980"
"1452","X6-4","110384440","9351480"
"1453","X6-5","110384440","9281080"
"1454","X6-6","110384440","9233730"
"1455","X6-7","110384440","9205180"
"1456","X6-8","110384440","9161230"
"1457","X6-9","110384440","9119480"
"1458","X7-1","110417440","9409980"
"1459","X7-10","110417440","9111480"
"1460","X7-11","110417440","9046980"
"1461","X7-12","110417440","9038980"
"1462","X7-13","110417440","8974480"
"1463","X7-14","110417440","8908480"
"1464","X7-15","110417440","8874730"
"1465","X7-16","110417440","8686230"
"1466","X7-17","110417440","8652480"
"1467","X7-18","110417440","8586480"
"1468","X7-19","110417440","8521980"
"1469","X7-2","110417440","9396680"
"1470","X7-20","110417440","8513980"
"1471","X7-21","110417440","8449480"
"1472","X7-22","110417440","8441480"
"1473","X7-23","110417440","8399730"
"1474","X7-24","110417440","8355780"
"1475","X7-25","110417440","8327230"
"1476","X7-26","110417440","8279880"
"1477","X7-27","110417440","8209480"
"1478","X7-28","110417440","8203980"
"1479","X7-29","110417440","8166030"
"1480","X7-3","110417440","9356980"
"1481","X7-30","110417440","8150980"
"1482","X7-4","110417440","9351480"
"1483","X7-5","110417440","9281080"
"1484","X7-6","110417440","9233730"
"1485","X7-7","110417440","9205180"
"1486","X7-8","110417440","9161230"
"1487","X7-9","110417440","9119480"
"1488","X8-1","110513940","9396680"
"1489","X8-10","110513940","8874730"
"1490","X8-11","110513940","8686230"
"1491","X8-16","110513940","8399730"
"1492","X8-20","110513940","8166030"
"1493","X8-5","110513940","9161230"
"1494","Y-1","109006440","7938260"
"1495","Y-3","111045900","7952380"
"1496","Y-4","111125900","7998570"
"1497","Z1-1","109219420","9409980"
"1498","Z1-2","109219420","9338480"
"1499","Z1-3","109219420","9266980"
"1500","Z1-4","109219420","8293980"
"1501","Z1-5","109219420","8222480"
"1502","Z1-6","109219420","8150980"
"1503","Z2-1","110400940","9038980"
"1504","Z2-2","110400940","8874730"
"1505","Z2-4","110400940","8780480"
"1506","Z2-6","110400940","8686230"
"1507","Z2-7","110400940","8521980"
"1508","Z2-8","110400940","8209480"
"1509","Z2-9","110400940","8150980"
"1510","Z3-1","110801940","8874730"
"1511","Z3-3","110801940","8780480"
"1512","Z3-5","110801940","8686230"
"1513","Z4-1","111207440","9409980"
"1514","Z4-2","111207440","9089980"
"1515","Z4-3","111207440","8874730"
"1516","Z4-4","111207440","8686230"
"1517","Z4-5","111207440","8150980"
"1518","W9-1","111186440","9207480"
"1519","X-7","110400940","9351480"
"1520","X-6","110400940","9409980"
