"id","source","target","length"
"1","M4-24","101","48750"
"2","M4-22","102","48750"
"3","M4-21","103","48750"
"4","M4-19","104","48750"
"5","M4-17","105","48750"
"6","P1-27","106","75520"
"7","P1-25","107","75520"
"8","P1-23","108","75520"
"9","P1-21","109","75520"
"10","P1-20","110","75520"
"11","P1-17","111","75130"
"12","Q1-20","112","55420"
"13","Q1-22","113","55420"
"14","Q1-24","114","55420"
"15","P7-22","115","49580"
"16","P7-25","116","67000"
"17","P7-27","117","67000"
"18","P7-28","118","67000"
"19","P7-30","119","67000"
"20","P7-32","120","67000"
"21","P7-34","121","67000"
"22","P8-36","122","57510"
"23","P8-33","123","50050"
"24","P8-31","124","50050"
"25","P8-29","125","50050"
"26","P8-28","126","50050"
"27","P8-26","127","50050"
"28","P8-23","128","50210"
"29","Q2-18","132","54910"
"30","Q2-20","133","54910"
"31","Q2-22","134","54910"
"32","P14-18","135","58560"
"33","P14-21","136","60500"
"34","P14-22","137","60500"
"35","P14-23","138","60500"
"36","P14-25","139","60500"
"37","P14-27","140","60500"
"38","X1-34","141","57510"
"39","X1-32","142","57510"
"40","X1-30","143","57510"
"41","X1-28","144","57510"
"42","X1-27","145","57510"
"43","X1-24","146","57510"
"44","X1-22","147","57510"
"45","X1-21","148","57510"
"46","N4-21","201","55750"
"47","N4-19","202","55750"
"48","N4-17","203","55750"
"49","N4-15","204","55750"
"50","P1-3","205","75520"
"51","P1-5","206","75520"
"52","P1-7","207","75520"
"53","P1-9","208","75520"
"54","P1-10","209","75520"
"55","P1-13","210","74890"
"56","Q1-3","211","54830"
"57","Q1-5","212","54830"
"58","Q1-7","213","54830"
"59","P7-14","214","49580"
"60","P7-11","215","67000"
"61","P7-9","216","67000"
"62","P7-8","217","67000"
"63","P7-6","218","67000"
"64","P7-4","219","67000"
"65","P7-2","220","67090"
"66","P8-2","221","57520"
"67","P8-5","222","50050"
"68","P8-7","223","50050"
"69","P8-9","224","50050"
"70","P8-10","225","50050"
"71","P8-12","226","50050"
"72","P8-15","227","50100"
"73","Q2-2","231","54540"
"74","Q2-4","232","54540"
"75","Q2-6","233","54540"
"76","P14-12","234","58460"
"77","P14-9","235","60500"
"78","P14-8","236","60501.82559"
"79","P14-7","237","60500"
"80","P14-5","238","60500"
"81","P14-3","239","60500"
"82","X1-2","240","57520"
"83","X1-4","241","57520"
"84","X1-6","242","57520"
"85","X1-8","243","57520"
"86","X1-9","244","57520"
"87","X1-12","245","57520"
"88","X1-14","246","57520"
"89","X1-15","247","57520"
"90","M3-15","301","50500"
"91","M3-16","302","50500"
"92","M3-17","303","50500"
"93","M3-18","304","50500"
"94","M2-38","305","58000"
"95","M2-37","306","50500"
"96","M2-35","307","50500"
"97","M2-34","308","50500"
"98","M2-7","309","65000"
"99","M2-6","310","58000"
"100","M2-5","311","58000"
"101","M2-3","312","58000"
"102","M2-2","313","58000"
"103","M1-19","314","65000"
"104","M1-20","315","58000"
"105","M1-21","316","58000"
"106","M1-23","317","58000"
"107","M1-24","318","58000"
"108","X6-17","351","55500"
"109","X6-18","352","50500"
"110","X6-20","353","50500"
"111","X6-22","354","50500"
"112","X6-24","355","50250"
"113","X6-26","356","50250"
"114","X6-28","357","50250"
"115","X7-17","358","54510"
"116","X7-18","359","50500"
"117","X7-20","360","50500"
"118","X7-22","361","50500"
"119","X7-24","362","50500"
"120","X7-26","363","50500"
"121","X7-28","364","50500"
"122","W3-14","365","55500"
"123","W3-15","366","50500"
"124","W3-16","367","50500"
"125","W3-18","368","50500"
"126","W3-20","369","50250"
"127","W3-22","370","50250"
"128","W3-23","371","50250"
"129","W4-14","374","50490"
"130","W4-16","375","50490"
"131","W4-18","376","50500"
"132","W4-20","377","50500"
"133","W4-21","378","50500"
"134","W9-13","379","55000"
"135","W9-14","380","50500"
"136","W9-16","381","50500"
"137","W9-18","382","50500"
"138","W9-19","383","50500"
"139","W9-21","384","50500"
"140","W9-22","385","50500"
"141","N3-16","401","51500"
"142","N3-17","402","51500"
"143","N3-18","403","51500"
"144","N3-19","404","51500"
"145","N2-37","405","58000"
"146","N2-36","406","50500"
"147","N2-34","407","50500"
"148","N2-33","408","50500"
"149","N2-7","409","65000"
"150","N2-6","410","58000"
"151","N2-5","411","58000"
"152","N2-3","412","58000"
"153","N2-2","413","58000"
"154","N1-19","414","64040"
"155","N1-20","415","64040"
"156","N1-21","416","57000"
"157","N1-23","417","57000"
"158","N1-24","418","57000"
"159","X6-14","451","55500"
"160","X6-13","452","50500"
"161","X6-11","453","50500"
"162","X6-9","454","50500"
"163","X6-7","455","50250"
"164","X6-5","456","50250"
"165","X6-3","457","50250"
"166","X7-14","458","54500"
"167","X7-13","459","50500"
"168","X7-11","460","50500"
"169","X7-9","461","50500"
"170","X7-7","462","50500"
"171","X7-5","463","50500"
"172","X7-3","464","50510"
"173","W3-11","465","55500"
"174","W3-10","466","50500"
"175","W3-9","467","50500"
"176","W3-7","468","50500"
"177","W3-5","469","50250"
"178","W3-3","470","50250"
"179","W3-2","471","50250"
"180","W4-11","472","54510"
"181","W4-10","473","50510"
"182","W4-9","474","50510"
"183","W4-7","475","50510"
"184","W4-5","476","50500"
"185","W4-3","477","50500"
"186","W4-2","478","50500"
"187","W9-10","479","55000"
"188","W9-9","480","50500"
"189","W9-7","481","50500"
"190","W9-5","482","50500"
"191","W9-1","483","208701.9406"
"192","W9-3","484","50500"
"193","W9-2","485","50500"
"194","P1-21","109-1","75520"
"195","P1-21","109-2","75520"
"196","P1-20","110-1","75520"
"197","P1-20","110-2","75520"
"198","P1-17","111-1","75130"
"199","P1-17","111-2","75130"
"200","Q1-20","112-1","55420"
"201","Q1-20","112-2","55420"
"202","Q1-22","113-1","55420"
"203","Q1-22","113-2","55420"
"204","Q2-18","132-1","54910"
"205","Q2-18","132-2","54910"
"206","Q2-20","133-1","54910"
"207","Q2-20","133-2","54910"
"208","Q2-22","134-1","54910"
"209","Q2-22","134-2","54910"
"210","P14-18","135-1","58560"
"211","P14-18","135-2","58560"
"212","Q1-3","211-1","54830"
"213","Q1-3","211-2","54830"
"214","Q1-5","212-1","54830"
"215","Q1-5","212-2","54830"
"216","F-6","E-5","80000"
"217","X3-11","E-5","80000"
"218","F-10","E-9","80000"
"219","X3-17","E-9","80000"
"220","X4-14","F-10","80000"
"221","E-9","F-10","80000"
"222","X6-30","F-14","224000"
"223","X6-1","F-2","224000"
"224","X4-10","F-6","80000"
"225","E-5","F-6","80000"
"226","N2-4","GSE-1","10500"
"227","N1-22","GSE-1","10500"
"228","X7-10","GSE-10","16500"
"229","X6-10","GSE-10","16500"
"230","X7-21","GSE-11","16500"
"231","X6-21","GSE-11","16500"
"232","X7-25","GSE-12","16500"
"233","X6-25","GSE-12","16500"
"234","W4-4","GSE-13","16500"
"235","W3-4","GSE-13","16500"
"236","W4-8","GSE-14","16500"
"237","W3-8","GSE-14","16500"
"238","W4-15","GSE-15","16500"
"239","W3-17","GSE-15","16500"
"240","W4-19","GSE-16","16500"
"241","W3-21","GSE-16","16500"
"242","W9-1","GSE-17","202272.712"
"243","W9-8","GSE-18","10500"
"244","W9-15","GSE-19","10500"
"245","M2-4","GSE-2","10500"
"246","M1-22","GSE-2","10500"
"247","W9-20","GSE-20","10500"
"248","N3-4","GSE-3","10500"
"249","N2-35","GSE-3","10500"
"250","M3-4","GSE-4","10500"
"251","M2-36","GSE-4","10500"
"252","P1-16","GSE-5","63500"
"253","Q1-18","GSE-5","27710"
"254","Q1-9","GSE-6","27410"
"255","P7-16","GSE-6","55500"
"256","Q2-17","GSE-7","27960"
"257","P8-21","GSE-7","63500"
"258","P14-14","GSE-8","55500"
"259","Q2-8","GSE-8","27662.61014"
"260","X7-6","GSE-9","16500"
"261","X6-6","GSE-9","16500"
"262","M1-9","M1-1","48030.66104"
"263","M1-2","M1-1","302590"
"264","M1-25","M1-10","97578.84453"
"265","M1-11","M1-10","35110"
"266","M1-9","M1-10","48029.17967"
"267","M1-12","M1-11","59500"
"268","M1-10","M1-11","35110"
"269","M1-13","M1-12","59500"
"270","M1-11","M1-12","59500"
"271","M1-14","M1-13","59500"
"272","M1-12","M1-13","59500"
"273","M1-15","M1-14","48210"
"274","M1-13","M1-14","59500"
"275","M1-16","M1-15","55000"
"276","M1-14","M1-15","48210"
"277","M1-17","M1-16","32500"
"278","M1-15","M1-16","55000"
"279","M1-3","M1-16","47500"
"280","M1-18","M1-17","64000"
"281","M1-16","M1-17","32500"
"282","M1-19","M1-18","55000"
"283","M2-8","M1-18","21000"
"284","M1-17","M1-18","64000"
"285","M1-20","M1-19","48210"
"286","314","M1-19","65000"
"287","M1-18","M1-19","55000"
"288","M1-1","M1-2","302590"
"289","M1-3","M1-2","47500"
"290","M1-21","M1-20","59500"
"291","315","M1-20","58000"
"292","M1-19","M1-20","48210"
"293","M1-22","M1-21","11650"
"294","316","M1-21","58000"
"295","M1-20","M1-21","59500"
"296","GSE-2","M1-22","10500"
"297","M1-23","M1-22","47850"
"298","M1-21","M1-22","11650"
"299","M1-24","M1-23","59500"
"300","317","M1-23","58000"
"301","M1-22","M1-23","47850"
"302","M1-25","M1-24","49580"
"303","318","M1-24","58000"
"304","M1-23","M1-24","59500"
"305","M2-1","M1-25","21233.45474"
"306","M1-24","M1-25","49580"
"307","M1-10","M1-25","97578.84453"
"308","M1-16","M1-3","47500"
"309","M1-2","M1-3","47500"
"310","M1-10","M1-9","48029.17967"
"311","M1-1","M1-9","48030.66104"
"312","M2-2","M2-1","49430"
"313","M2-15","M2-1","97577.36213"
"314","M1-25","M2-1","21233.45474"
"315","M2-11","M2-10","51500"
"316","M2-9","M2-10","55000"
"317","M2-12","M2-11","59500"
"318","M2-10","M2-11","51500"
"319","M2-13","M2-12","59500"
"320","M2-11","M2-12","59500"
"321","M2-14","M2-13","59500"
"322","M2-12","M2-13","59500"
"323","M2-15","M2-14","63890"
"324","M2-13","M2-14","59500"
"325","M2-16","M2-15","27726.31422"
"326","M2-14","M2-15","63890"
"327","M2-1","M2-15","97577.36213"
"328","M2-15","M2-16","27726.31422"
"329","M2-17","M2-16","20080"
"330","M2-16","M2-17","20080"
"331","M2-32","M2-17","47500"
"332","M2-3","M2-2","59500"
"333","313","M2-2","58000"
"334","M2-1","M2-2","49430"
"335","M2-39","M2-27","96500"
"336","M2-28","M2-27","66290"
"337","M2-9","M2-27","95000"
"338","M2-27","M2-28","66290"
"339","M2-29","M2-28","75220"
"340","M2-28","M2-29","75220"
"341","M2-30","M2-29","72120"
"342","M2-4","M2-3","51140"
"343","312","M2-3","58000"
"344","M2-2","M2-3","59500"
"345","M2-29","M2-30","72120"
"346","M2-31","M2-30","72500"
"347","M2-30","M2-31","72500"
"348","M2-32","M2-31","66870"
"349","M2-17","M2-32","47500"
"350","M2-31","M2-32","66870"
"351","M2-33","M2-32","96500"
"352","M3-1","M2-33","21000"
"353","M2-34","M2-33","66870"
"354","M2-32","M2-33","96500"
"355","M2-33","M2-34","66870"
"356","308","M2-34","50500"
"357","M2-35","M2-34","72500"
"358","M2-34","M2-35","72500"
"359","307","M2-35","50500"
"360","M2-36","M2-35","39270"
"361","GSE-4","M2-36","10500"
"362","M2-35","M2-36","39270"
"363","M2-37","M2-36","32850"
"364","M2-36","M2-37","32850"
"365","306","M2-37","50500"
"366","M2-38","M2-37","75220"
"367","M2-37","M2-38","75220"
"368","305","M2-38","58000"
"369","M2-39","M2-38","66290"
"370","M2-38","M2-39","66290"
"371","M3-7","M2-39","21000"
"372","M2-27","M2-39","96500"
"373","M2-5","M2-4","8360"
"374","GSE-2","M2-4","10500"
"375","M2-3","M2-4","51140"
"376","M2-6","M2-5","59500"
"377","311","M2-5","58000"
"378","M2-4","M2-5","8360"
"379","M2-7","M2-6","51500"
"380","310","M2-6","58000"
"381","M2-5","M2-6","59500"
"382","M2-8","M2-7","55000"
"383","309","M2-7","65000"
"384","M2-6","M2-7","51500"
"385","M2-9","M2-8","96500"
"386","M2-7","M2-8","55000"
"387","M1-18","M2-8","21000"
"388","M2-10","M2-9","55000"
"389","M2-27","M2-9","95000"
"390","M2-8","M2-9","96500"
"391","M3-2","M3-1","42000"
"392","M3-8","M3-1","45000"
"393","M2-33","M3-1","21000"
"394","M3-3","M3-10","45000"
"395","M3-5","M3-11","45000"
"396","M3-6","M3-12","45000"
"397","M3-15","M3-14","86000"
"398","M3-25","M3-14","96500"
"399","M3-7","M3-14","90000"
"400","M3-16","M3-15","75000"
"401","301","M3-15","50500"
"402","M3-14","M3-15","86000"
"403","M3-17","M3-16","75000"
"404","302","M3-16","50500"
"405","M3-15","M3-16","75000"
"406","M3-18","M3-17","75000"
"407","303","M3-17","50500"
"408","M3-16","M3-17","75000"
"409","M3-19","M3-18","42000"
"410","304","M3-18","50500"
"411","M3-17","M3-18","75000"
"412","M3-20","M3-19","96500"
"413","M3-18","M3-19","42000"
"414","M3-8","M3-19","45000"
"415","M3-3","M3-2","75000"
"416","M3-9","M3-2","45000"
"417","M3-1","M3-2","42000"
"418","M3-21","M3-20","42000"
"419","M3-32","M3-20","47500"
"420","M3-19","M3-20","96500"
"421","M3-22","M3-21","75000"
"422","M3-20","M3-21","42000"
"423","M3-23","M3-22","75000"
"424","M3-21","M3-22","75000"
"425","M3-24","M3-23","75000"
"426","M3-22","M3-23","75000"
"427","M3-25","M3-24","86000"
"428","M3-23","M3-24","75000"
"429","M4-8","M3-25","175000"
"430","M3-24","M3-25","86000"
"431","M3-14","M3-25","96500"
"432","M3-4","M3-3","61640"
"433","M3-10","M3-3","45000"
"434","M3-2","M3-3","75000"
"435","M4-1","M3-32","80000"
"436","M3-20","M3-32","47500"
"437","M3-5","M3-4","13360"
"438","GSE-4","M3-4","10500"
"439","M3-3","M3-4","61640"
"440","M3-6","M3-5","75000"
"441","M3-11","M3-5","45000"
"442","M3-4","M3-5","13360"
"443","M3-7","M3-6","86000"
"444","M3-12","M3-6","45000"
"445","M3-5","M3-6","75000"
"446","M3-14","M3-7","90000"
"447","M3-6","M3-7","86000"
"448","M2-39","M3-7","21000"
"449","M3-19","M3-8","45000"
"450","M3-1","M3-8","45000"
"451","M3-2","M3-9","45000"
"452","M4-14","M4-1","47500"
"453","M3-32","M4-1","80000"
"454","M4-11","M4-10","59500"
"455","M4-9","M4-10","59730"
"456","M4-12","M4-11","59500"
"457","M4-10","M4-11","59500"
"458","M4-13","M4-12","59500"
"459","M4-11","M4-12","59500"
"460","M4-14","M4-13","48710"
"461","M4-12","M4-13","59500"
"462","M4-15","M4-14","86750"
"463","M4-13","M4-14","48710"
"464","M4-1","M4-14","47500"
"465","M4-16","M4-15","31000"
"466","P1-29","M4-15","121750"
"467","M4-14","M4-15","86750"
"468","M4-17","M4-16","17710"
"469","P1-28","M4-16","121750"
"470","M4-15","M4-16","31000"
"471","M4-18","M4-17","24760"
"472","105","M4-17","48750"
"473","M4-16","M4-17","17710"
"474","Re14","M4-18","61550"
"475","M4-19","M4-18","34740"
"476","M4-17","M4-18","24760"
"477","M4-20","M4-19","50260"
"478","104","M4-19","48750"
"479","M4-18","M4-19","34740"
"480","Un12","M4-20","61550"
"481","M4-21","M4-20","9240"
"482","M4-19","M4-20","50260"
"483","M4-22","M4-21","59500"
"484","103","M4-21","48750"
"485","M4-20","M4-21","9240"
"486","M4-23","M4-22","22560"
"487","102","M4-22","48750"
"488","M4-21","M4-22","59500"
"489","Un11","M4-23","61540"
"490","M4-24","M4-23","37170"
"491","M4-22","M4-23","22560"
"492","M4-25","M4-24","47830"
"493","101","M4-24","48750"
"494","M4-23","M4-24","37170"
"495","Re13","M4-25","61540"
"496","M4-26","M4-25","18230"
"497","M4-24","M4-25","47830"
"498","M4-8","M4-26","86750"
"499","M4-25","M4-26","18230"
"500","M4-26","M4-8","86750"
"501","M4-9","M4-8","66060"
"502","M3-25","M4-8","175000"
"503","M4-10","M4-9","59730"
"504","M4-8","M4-9","66060"
"505","N1-9","N1-1","48032.14445"
"506","N1-2","N1-1","272620"
"507","N1-25","N1-10","97581.81234"
"508","N1-11","N1-10","28460"
"509","N1-9","N1-10","47019.47363"
"510","N1-10","N1-11","28460"
"511","N1-12","N1-11","59500"
"512","N1-11","N1-12","59500"
"513","N1-13","N1-12","59500"
"514","N1-12","N1-13","59500"
"515","N1-14","N1-13","48500"
"516","N1-13","N1-14","48500"
"517","N1-15","N1-14","40500"
"518","N1-14","N1-15","40500"
"519","N1-16","N1-15","50260"
"520","N1-15","N1-16","50260"
"521","N4-23","N1-17","842250"
"522","N1-3","N1-17","80000"
"523","N1-19","N1-18","50260"
"524","N1-18","N1-19","50260"
"525","414","N1-19","64040"
"526","N1-20","N1-19","40500"
"527","N1-1","N1-2","272620"
"528","N1-3","N1-2","47500"
"529","N1-19","N1-20","40500"
"530","415","N1-20","64040"
"531","N1-21","N1-20","48500"
"532","N1-20","N1-21","48500"
"533","416","N1-21","57000"
"534","N1-22","N1-21","46790"
"535","GSE-1","N1-22","10500"
"536","N1-21","N1-22","46790"
"537","N1-23","N1-22","12710"
"538","N1-22","N1-23","12710"
"539","417","N1-23","57000"
"540","N1-24","N1-23","59500"
"541","N1-23","N1-24","59500"
"542","418","N1-24","57000"
"543","N1-25","N1-24","42950"
"544","N1-24","N1-25","42950"
"545","N2-1","N1-25","21234.93584"
"546","N1-10","N1-25","97581.81234"
"547","N1-17","N1-3","80000"
"548","N1-2","N1-3","47500"
"549","N1-10","N1-9","47019.47363"
"550","N1-1","N1-9","48032.14445"
"551","N2-15","N2-1","97580.32794"
"552","N2-2","N2-1","24860"
"553","N1-25","N2-1","21234.93584"
"554","N2-9","N2-10","52500"
"555","N2-11","N2-10","48500"
"556","N2-10","N2-11","48500"
"557","N2-12","N2-11","59500"
"558","N2-11","N2-12","59500"
"559","N2-13","N2-12","59810"
"560","N2-12","N2-13","59810"
"561","N2-14","N2-13","59190"
"562","N2-13","N2-14","59190"
"563","N2-15","N2-14","39340"
"564","N2-14","N2-15","39340"
"565","N2-16","N2-15","48032.14445"
"566","N2-1","N2-15","97580.32794"
"567","N2-31","N2-16","48032.14445"
"568","N2-15","N2-16","48032.14445"
"569","N2-1","N2-2","24860"
"570","413","N2-2","58000"
"571","N2-3","N2-2","59350"
"572","N2-27","N2-26","61500"
"573","N2-28","N2-27","86500"
"574","N2-26","N2-27","61500"
"575","N2-29","N2-28","72500"
"576","N2-27","N2-28","86500"
"577","N2-30","N2-29","72500"
"578","N2-28","N2-29","72500"
"579","N2-2","N2-3","59350"
"580","412","N2-3","58000"
"581","N2-4","N2-3","34100"
"582","N2-31","N2-30","40100"
"583","N2-29","N2-30","72500"
"584","N2-32","N2-31","97580.32794"
"585","N2-30","N2-31","40100"
"586","N2-16","N2-31","48032.14445"
"587","N3-1","N2-32","21234.93584"
"588","N2-33","N2-32","54580"
"589","N2-31","N2-32","97580.32794"
"590","N2-34","N2-33","72500"
"591","408","N2-33","50500"
"592","N2-32","N2-33","54580"
"593","N2-35","N2-34","16360"
"594","407","N2-34","50500"
"595","N2-33","N2-34","72500"
"596","GSE-3","N2-35","10500"
"597","N2-36","N2-35","56140"
"598","N2-34","N2-35","16360"
"599","N2-37","N2-36","86500"
"600","406","N2-36","50500"
"601","N2-35","N2-36","56140"
"602","N2-38","N2-37","61500"
"603","405","N2-37","58000"
"604","N2-36","N2-37","86500"
"605","N2-37","N2-38","61500"
"606","N2-3","N2-4","34100"
"607","GSE-1","N2-4","10500"
"608","N2-5","N2-4","25550"
"609","N2-4","N2-5","25550"
"610","411","N2-5","58000"
"611","N2-6","N2-5","59500"
"612","N2-5","N2-6","59500"
"613","410","N2-6","58000"
"614","N2-7","N2-6","48500"
"615","N2-6","N2-7","48500"
"616","409","N2-7","65000"
"617","N2-8","N2-7","52500"
"618","N2-7","N2-8","52500"
"619","N2-10","N2-9","52500"
"620","N3-8","N3-1","15249.89508"
"621","N3-2","N3-1","39730"
"622","N2-32","N3-1","21234.93584"
"623","N3-2","N3-10","45000"
"624","N3-3","N3-11","45000"
"625","N3-5","N3-12","45000"
"626","N3-6","N3-13","45000"
"627","N3-16","N3-15","86000"
"628","N3-15","N3-16","86000"
"629","401","N3-16","51500"
"630","N3-17","N3-16","75000"
"631","N3-16","N3-17","75000"
"632","402","N3-17","51500"
"633","N3-18","N3-17","75000"
"634","N3-17","N3-18","75000"
"635","403","N3-18","51500"
"636","N3-19","N3-18","75000"
"637","N3-18","N3-19","75000"
"638","404","N3-19","51500"
"639","N3-20","N3-19","42000"
"640","N3-1","N3-2","39730"
"641","N3-10","N3-2","45000"
"642","N3-3","N3-2","75000"
"643","N3-9","N3-20","45000"
"644","N3-19","N3-20","42000"
"645","N3-21","N3-20","97500"
"646","N3-20","N3-21","97500"
"647","N3-22","N3-21","42000"
"648","N3-33","N3-21","37500"
"649","N3-21","N3-22","42000"
"650","N3-23","N3-22","75000"
"651","N3-22","N3-23","75000"
"652","N3-24","N3-23","75000"
"653","N3-23","N3-24","75000"
"654","N3-25","N3-24","75000"
"655","N3-24","N3-25","75000"
"656","N3-26","N3-25","86000"
"657","N3-25","N3-26","86000"
"658","N3-2","N3-3","75000"
"659","N3-11","N3-3","45000"
"660","N3-4","N3-3","31860"
"661","N3-21","N3-33","37500"
"662","N4-1","N3-33","80000"
"663","N3-3","N3-4","31860"
"664","GSE-3","N3-4","10500"
"665","N3-5","N3-4","43140"
"666","N3-4","N3-5","43140"
"667","N3-12","N3-5","45000"
"668","N3-6","N3-5","75000"
"669","N3-5","N3-6","75000"
"670","N3-13","N3-6","45000"
"671","N3-7","N3-6","86000"
"672","N3-6","N3-7","86000"
"673","N3-1","N3-8","15249.89508"
"674","N3-9","N3-8","29920"
"675","N3-8","N3-9","29920"
"676","N3-20","N3-9","45000"
"677","N3-33","N4-1","80000"
"678","N4-12","N4-1","42500"
"679","N4-9","N4-10","72500"
"680","N4-11","N4-10","72500"
"681","N4-10","N4-11","72500"
"682","N4-12","N4-11","70740"
"683","N4-1","N4-12","42500"
"684","N4-11","N4-12","70740"
"685","N4-13","N4-12","101750"
"686","N4-12","N4-13","101750"
"687","N4-14","N4-13","31000"
"688","P1-1","N4-13","121750"
"689","P1-2","N4-14","121750"
"690","N4-13","N4-14","31000"
"691","N4-15","N4-14","39740"
"692","N4-14","N4-15","39740"
"693","204","N4-15","55750"
"694","N4-16","N4-15","2740"
"695","Re1","N4-16","60880"
"696","N4-15","N4-16","2740"
"697","N4-17","N4-16","69760"
"698","N4-16","N4-17","69760"
"699","203","N4-17","55750"
"700","N4-18","N4-17","15240"
"701","Un1","N4-18","60880"
"702","N4-17","N4-18","15240"
"703","N4-19","N4-18","57260"
"704","N4-18","N4-19","57260"
"705","202","N4-19","55750"
"706","N4-20","N4-19","35960"
"707","Un2","N4-20","60880"
"708","N4-19","N4-20","35960"
"709","N4-21","N4-20","36540"
"710","N4-20","N4-21","36540"
"711","201","N4-21","55750"
"712","N4-22","N4-21","48460"
"713","Re2","N4-22","60880"
"714","N4-21","N4-22","48460"
"715","N4-23","N4-22","16300"
"716","N4-22","N4-23","16300"
"717","N1-17","N4-23","842250"
"718","N4-8","N4-7","64760"
"719","N4-7","N4-8","64760"
"720","N4-9","N4-8","72500"
"721","N4-8","N4-9","72500"
"722","N4-10","N4-9","72500"
"723","P9-1","P10-1","47470"
"724","P11-1","P10-1","80000"
"725","P11-15","P10-10","72500"
"726","P9-10","P10-10","59840"
"727","P11-16","P10-11","72500"
"728","P9-11","P10-11","59870"
"729","P11-30","P10-20","80000"
"730","P9-20","P10-20","47500"
"731","N4-13","P1-1","121750"
"732","P1-2","P1-1","31000"
"733","P2-1","P1-1","121500"
"734","P1-9","P1-10","72500"
"735","209","P1-10","75520"
"736","P1-11","P1-10","4700"
"737","P10-1","P11-1","80000"
"738","P12-1","P11-1","80000"
"739","P1-10","P1-11","4700"
"740","Re2","P1-11","60870"
"741","P1-12","P1-11","37300"
"742","P12-8","P11-15","72500"
"743","P10-10","P11-15","72500"
"744","P12-9","P11-16","72500"
"745","P10-11","P11-16","72500"
"746","P1-11","P1-12","37300"
"747","P2-7","P1-12","121500"
"748","P1-13","P1-12","41980"
"749","P1-12","P1-13","41980"
"750","210","P1-13","74890"
"751","P1-14","P1-13","108520"
"752","P12-16","P11-30","80000"
"753","P10-20","P11-30","80000"
"754","P1-13","P1-14","108520"
"755","Q1-1","P1-14","53110"
"756","P1-15","P1-14","210000"
"757","P1-14","P1-15","210000"
"758","Q1-17","P1-15","53110"
"759","P1-16","P1-15","27710"
"760","P1-17","P1-16","80940"
"761","GSE-5","P1-16","63500"
"762","P1-15","P1-16","27710"
"763","P1-18","P1-17","41700"
"764","111","P1-17","75130"
"765","P1-16","P1-17","80940"
"766","111-1","P1-17","75130"
"767","111-2","P1-17","75130"
"768","P2-12","P1-18","121500"
"769","P1-19","P1-18","39380"
"770","P1-17","P1-18","41700"
"771","P1-20","P1-19","2770"
"772","Re13","P1-19","60210"
"773","P1-18","P1-19","39380"
"774","P1-1","P1-2","31000"
"775","N4-14","P1-2","121750"
"776","P1-3","P1-2","11000"
"777","P1-21","P1-20","72500"
"778","110","P1-20","75520"
"779","P1-19","P1-20","2770"
"780","110-1","P1-20","75520"
"781","110-2","P1-20","75520"
"782","P11-1","P12-1","80000"
"783","P13-1","P12-1","47500"
"784","P1-22","P1-21","9730"
"785","109","P1-21","75520"
"786","P1-20","P1-21","72500"
"787","109-1","P1-21","75520"
"788","109-2","P1-21","75520"
"789","P13-18","P12-16","47500"
"790","P11-30","P12-16","80000"
"791","P1-23","P1-22","62770"
"792","Un11","P1-22","60210"
"793","P1-21","P1-22","9730"
"794","P1-24","P1-23","28530"
"795","108","P1-23","75520"
"796","P1-22","P1-23","62770"
"797","P1-25","P1-24","43970"
"798","Un12","P1-24","60200"
"799","P1-23","P1-24","28530"
"800","P1-26","P1-25","41030"
"801","107","P1-25","75520"
"802","P1-24","P1-25","43970"
"803","P1-27","P1-26","31470"
"804","Re14","P1-26","60200"
"805","P1-25","P1-26","41030"
"806","P1-28","P1-27","11000"
"807","106","P1-27","75520"
"808","P1-26","P1-27","31470"
"809","P13-9","P12-8","50130"
"810","P11-15","P12-8","72500"
"811","P1-29","P1-28","31000"
"812","M4-16","P1-28","121750"
"813","P1-27","P1-28","11000"
"814","P13-10","P12-9","50130"
"815","P11-16","P12-9","72500"
"816","P2-18","P1-29","121500"
"817","P1-28","P1-29","31000"
"818","M4-15","P1-29","121750"
"819","P1-2","P1-3","11000"
"820","205","P1-3","75520"
"821","P1-4","P1-3","31480"
"822","P12-1","P13-1","47500"
"823","P13-2","P13-1","42000"
"824","P14-1","P13-1","106500"
"825","P12-9","P13-10","50130"
"826","P13-11","P13-10","26060"
"827","P13-10","P13-11","26060"
"828","P13-12","P13-11","26940"
"829","P14-19","P13-12","106500"
"830","P13-11","P13-12","26940"
"831","P13-13","P13-12","42000"
"832","P13-12","P13-13","42000"
"833","P13-14","P13-13","72500"
"834","P13-13","P13-14","72500"
"835","P13-15","P13-14","72500"
"836","P13-14","P13-15","72500"
"837","P13-16","P13-15","72500"
"838","P13-15","P13-16","72500"
"839","P13-17","P13-16","72500"
"840","P13-16","P13-17","72500"
"841","P13-18","P13-17","42000"
"842","P13-17","P13-18","42000"
"843","P14-29","P13-18","106500"
"844","P12-16","P13-18","47500"
"845","P13-3","P13-2","72500"
"846","P13-1","P13-2","42000"
"847","P13-4","P13-3","72500"
"848","P13-2","P13-3","72500"
"849","P13-5","P13-4","72500"
"850","P13-3","P13-4","72500"
"851","P13-6","P13-5","72500"
"852","P13-4","P13-5","72500"
"853","P13-7","P13-6","42000"
"854","P13-5","P13-6","72500"
"855","P13-8","P13-7","27090"
"856","P14-11","P13-7","106500"
"857","P13-6","P13-7","42000"
"858","P13-9","P13-8","25910"
"859","P13-7","P13-8","27090"
"860","P12-8","P13-9","50130"
"861","P13-8","P13-9","25910"
"862","P1-3","P1-4","31480"
"863","Re1","P1-4","60870"
"864","P1-5","P1-4","41020"
"865","P13-1","P14-1","106500"
"866","P14-2","P14-1","30000"
"867","X6-1","P14-1","655000"
"868","Re6","P14-10","60250"
"869","P14-9","P14-10","12030"
"870","P14-11","P14-10","29970"
"871","P13-7","P14-11","106500"
"872","P14-10","P14-11","29970"
"873","P14-12","P14-11","46920"
"874","P14-11","P14-12","46920"
"875","234","P14-12","58460"
"876","P14-13","P14-12","27600"
"877","Re7","P14-13","60250"
"878","P14-12","P14-13","27600"
"879","P14-14","P14-13","48570"
"880","P14-13","P14-14","48570"
"881","GSE-8","P14-14","55500"
"882","P14-15","P14-14","27660"
"883","P14-14","P14-15","27660"
"884","Un18","P14-15","79124.7534"
"885","Q2-8","P14-15","55880"
"886","P14-17","P14-16","76240"
"887","Re22","P14-16","78409.78829"
"888","Q2-24","P14-16","44500"
"889","Re8","P14-17","60250"
"890","P14-18","P14-17","27930"
"891","P14-16","P14-17","76240"
"892","P14-19","P14-18","46580"
"893","135","P14-18","58560"
"894","P14-17","P14-18","27930"
"895","135-1","P14-18","58560"
"896","135-2","P14-18","58560"
"897","P14-20","P14-19","29970"
"898","P13-12","P14-19","106500"
"899","P14-18","P14-19","46580"
"900","P14-1","P14-2","30000"
"901","X1-1","P14-2","120000"
"902","P14-3","P14-2","12000"
"903","Re9","P14-20","60250"
"904","P14-21","P14-20","12030"
"905","P14-19","P14-20","29970"
"906","P14-22","P14-21","72500"
"907","136","P14-21","60500"
"908","P14-20","P14-21","12030"
"909","Un7","P14-22","60251.83317"
"910","P14-23","P14-22","72500"
"911","137","P14-22","60500"
"912","P14-21","P14-22","72500"
"913","P14-24","P14-23","24000"
"914","138","P14-23","60500"
"915","P14-22","P14-23","72500"
"916","Un8","P14-24","60250"
"917","P14-25","P14-24","48500"
"918","P14-23","P14-24","24000"
"919","P14-26","P14-25","36500"
"920","139","P14-25","60500"
"921","P14-24","P14-25","48500"
"922","Re10","P14-26","60250"
"923","P14-27","P14-26","36000"
"924","P14-25","P14-26","36500"
"925","P14-28","P14-27","12000"
"926","140","P14-27","60500"
"927","P14-26","P14-27","36000"
"928","P14-29","P14-28","30000"
"929","X1-35","P14-28","120000"
"930","P14-27","P14-28","12000"
"931","P14-28","P14-29","30000"
"932","P13-18","P14-29","106500"
"933","X6-30","P14-29","655000"
"934","P14-2","P14-3","12000"
"935","239","P14-3","60500"
"936","P14-4","P14-3","36000"
"937","Re5","P14-4","60250"
"938","P14-3","P14-4","36000"
"939","P14-5","P14-4","36500"
"940","P14-4","P14-5","36500"
"941","238","P14-5","60500"
"942","P14-6","P14-5","48500"
"943","Un5","P14-6","60250"
"944","P14-5","P14-6","48500"
"945","P14-7","P14-6","24000"
"946","P14-6","P14-7","24000"
"947","237","P14-7","60500"
"948","P14-8","P14-7","72030"
"949","Un6","P14-8","60250"
"950","P14-7","P14-8","72030"
"951","236","P14-8","60501.82559"
"952","P14-9","P14-8","72970"
"953","P14-8","P14-9","72970"
"954","235","P14-9","60500"
"955","P14-10","P14-9","12030"
"956","P1-4","P1-5","41020"
"957","206","P1-5","75520"
"958","P1-6","P1-5","43980"
"959","P1-5","P1-6","43980"
"960","Un1","P1-6","60870"
"961","P1-7","P1-6","28520"
"962","P1-6","P1-7","28520"
"963","207","P1-7","75520"
"964","P1-8","P1-7","64700"
"965","P1-7","P1-8","64700"
"966","Un2","P1-8","60870"
"967","P1-9","P1-8","7800"
"968","P1-8","P1-9","7800"
"969","208","P1-9","75520"
"970","P1-10","P1-9","72500"
"971","P2-2","P2-1","42000"
"972","P1-1","P2-1","121500"
"973","P3-1","P2-1","47500"
"974","P3-20","P2-10","51600"
"975","P2-11","P2-10","32140"
"976","P2-10","P2-11","32140"
"977","P2-12","P2-11","16960"
"978","P2-11","P2-12","16960"
"979","P1-18","P2-12","121500"
"980","P2-13","P2-12","42150"
"981","P2-12","P2-13","42150"
"982","P2-14","P2-13","72500"
"983","P2-13","P2-14","72500"
"984","P2-15","P2-14","72500"
"985","P2-14","P2-15","72500"
"986","P2-16","P2-15","72500"
"987","P2-15","P2-16","72500"
"988","P2-17","P2-16","72500"
"989","P2-16","P2-17","72500"
"990","P2-18","P2-17","42000"
"991","P2-17","P2-18","42000"
"992","P3-19","P2-18","47500"
"993","P1-29","P2-18","121500"
"994","P2-3","P2-2","72500"
"995","P2-1","P2-2","42000"
"996","P2-4","P2-3","72500"
"997","P2-2","P2-3","72500"
"998","P2-5","P2-4","72500"
"999","P2-3","P2-4","72500"
"1000","P2-6","P2-5","72500"
"1001","P2-4","P2-5","72500"
"1002","P2-7","P2-6","42000"
"1003","P2-5","P2-6","72500"
"1004","P1-12","P2-7","121500"
"1005","P2-8","P2-7","17110"
"1006","P2-6","P2-7","42000"
"1007","P2-9","P2-8","32140"
"1008","P2-7","P2-8","17110"
"1009","P3-10","P2-9","51600"
"1010","P2-8","P2-9","32140"
"1011","P2-1","P3-1","47500"
"1012","P4-1","P3-1","80000"
"1013","P4-13","P3-10","75930"
"1014","P2-9","P3-10","51600"
"1015","P4-26","P3-19","80000"
"1016","P2-18","P3-19","47500"
"1017","P4-14","P3-20","75900"
"1018","P2-10","P3-20","51600"
"1019","P3-1","P4-1","80000"
"1020","P5-1","P4-1","80000"
"1021","P5-11","P4-13","75870"
"1022","P3-10","P4-13","75930"
"1023","P5-12","P4-14","75900"
"1024","P3-20","P4-14","75900"
"1025","P5-22","P4-26","80000"
"1026","P3-19","P4-26","80000"
"1027","P4-1","P5-1","80000"
"1028","P6-1","P5-1","47500"
"1029","P6-10","P5-11","51600"
"1030","P4-13","P5-11","75870"
"1031","P6-11","P5-12","51600"
"1032","P4-14","P5-12","75900"
"1033","P6-20","P5-22","47500"
"1034","P4-26","P5-22","80000"
"1035","P6-2","P6-1","40960"
"1036","P5-1","P6-1","47500"
"1037","P7-1","P6-1","105500"
"1038","P5-11","P6-10","51600"
"1039","P6-9","P6-10","26610"
"1040","P6-12","P6-11","27190"
"1041","P5-12","P6-11","51600"
"1042","P6-13","P6-12","21910"
"1043","P6-11","P6-12","27190"
"1044","P7-24","P6-13","105500"
"1045","P6-14","P6-13","35650"
"1046","P6-12","P6-13","21910"
"1047","P6-15","P6-14","59500"
"1048","P6-13","P6-14","35650"
"1049","P6-16","P6-15","59500"
"1050","P6-14","P6-15","59500"
"1051","P6-17","P6-16","59500"
"1052","P6-15","P6-16","59500"
"1053","P6-18","P6-17","59500"
"1054","P6-16","P6-17","59500"
"1055","P6-19","P6-18","59550"
"1056","P6-17","P6-18","59500"
"1057","P6-20","P6-19","40950"
"1058","P6-18","P6-19","59550"
"1059","P6-3","P6-2","59540"
"1060","P6-1","P6-2","40960"
"1061","P7-35","P6-20","105500"
"1062","P6-19","P6-20","40950"
"1063","P5-22","P6-20","47500"
"1064","P6-4","P6-3","59500"
"1065","P6-2","P6-3","59540"
"1066","P6-5","P6-4","59500"
"1067","P6-3","P6-4","59500"
"1068","P6-6","P6-5","59500"
"1069","P6-4","P6-5","59500"
"1070","P6-7","P6-6","59500"
"1071","P6-5","P6-6","59500"
"1072","P6-8","P6-7","35500"
"1073","P6-6","P6-7","59500"
"1074","P7-12","P6-8","105500"
"1075","P6-9","P6-8","22640"
"1076","P6-7","P6-8","35500"
"1077","P6-10","P6-9","26610"
"1078","P6-8","P6-9","22640"
"1079","P6-1","P7-1","105500"
"1080","P7-2","P7-1","40940"
"1081","Z1-1","P7-1","59980"
"1082","Un3","P7-10","59840"
"1083","P7-9","P7-10","15000"
"1084","P7-11","P7-10","44500"
"1085","P7-10","P7-11","44500"
"1086","215","P7-11","67000"
"1087","P7-12","P7-11","35500"
"1088","P7-11","P7-12","35500"
"1089","P6-8","P7-12","105500"
"1090","P7-13","P7-12","18000"
"1091","Un4","P7-13","59900"
"1092","P7-12","P7-13","18000"
"1093","P7-14","P7-13","31740"
"1094","P7-13","P7-14","31740"
"1095","214","P7-14","49580"
"1096","P7-15","P7-14","53260"
"1097","Re4","P7-15","59940"
"1098","P7-14","P7-15","53260"
"1099","P7-16","P7-15","20090"
"1100","P7-15","P7-16","20090"
"1101","GSE-6","P7-16","55500"
"1102","P7-17","P7-16","27410"
"1103","P7-16","P7-17","27410"
"1104","P7-18","P7-17","52020"
"1105","Q1-10","P7-17","39390"
"1106","Re18","P7-18","60000"
"1107","P7-19","P7-18","107550"
"1108","P7-17","P7-18","52020"
"1109","Re26","P7-19","60050"
"1110","P7-20","P7-19","50430"
"1111","P7-18","P7-19","107550"
"1112","P7-1","P7-2","40940"
"1113","220","P7-2","67090"
"1114","P7-3","P7-2","30560"
"1115","P7-21","P7-20","50500"
"1116","Q1-26","P7-20","39390"
"1117","P7-19","P7-20","50430"
"1118","Re11","P7-21","60110"
"1119","P7-22","P7-21","50850"
"1120","P7-20","P7-21","50500"
"1121","P7-23","P7-22","34150"
"1122","115","P7-22","49580"
"1123","P7-21","P7-22","50850"
"1124","Un9","P7-23","60160"
"1125","P7-24","P7-23","14850"
"1126","P7-22","P7-23","34150"
"1127","P7-25","P7-24","35650"
"1128","P6-13","P7-24","105500"
"1129","P7-23","P7-24","14850"
"1130","P7-26","P7-25","47500"
"1131","116","P7-25","67000"
"1132","P7-24","P7-25","35650"
"1133","Un10","P7-26","60210"
"1134","P7-27","P7-26","12000"
"1135","P7-25","P7-26","47500"
"1136","P7-28","P7-27","59500"
"1137","117","P7-27","67000"
"1138","P7-26","P7-27","12000"
"1139","P7-29","P7-28","13500"
"1140","118","P7-28","67000"
"1141","P7-27","P7-28","59500"
"1142","Re12","P7-29","60250"
"1143","P7-30","P7-29","46000"
"1144","P7-28","P7-29","13500"
"1145","P7-2","P7-3","30560"
"1146","Z1-2","P7-3","59980"
"1147","P7-4","P7-3","29000"
"1148","P7-31","P7-30","17000"
"1149","119","P7-30","67000"
"1150","P7-29","P7-30","46000"
"1151","P7-32","P7-31","42500"
"1152","Z1-4","P7-31","59980"
"1153","P7-30","P7-31","17000"
"1154","P7-33","P7-32","29000"
"1155","120","P7-32","67000"
"1156","P7-31","P7-32","42500"
"1157","P7-34","P7-33","30560"
"1158","Z1-5","P7-33","59980"
"1159","P7-32","P7-33","29000"
"1160","P7-35","P7-34","40940"
"1161","121","P7-34","67000"
"1162","P7-33","P7-34","30560"
"1163","Z1-6","P7-35","59980"
"1164","P7-34","P7-35","40940"
"1165","P6-20","P7-35","105500"
"1166","P7-3","P7-4","29000"
"1167","219","P7-4","67000"
"1168","P7-5","P7-4","42500"
"1169","P7-4","P7-5","42500"
"1170","Z1-3","P7-5","59980"
"1171","P7-6","P7-5","17000"
"1172","P7-5","P7-6","17000"
"1173","218","P7-6","67000"
"1174","P7-7","P7-6","49000"
"1175","Re3","P7-7","59800"
"1176","P7-6","P7-7","49000"
"1177","P7-8","P7-7","10500"
"1178","P7-7","P7-8","10500"
"1179","217","P7-8","67000"
"1180","P7-9","P7-8","59500"
"1181","P7-8","P7-9","59500"
"1182","216","P7-9","67000"
"1183","P7-10","P7-9","15000"
"1184","Z1-1","P8-1","45020"
"1185","P8-2","P8-1","39000"
"1186","P9-1","P8-1","103530"
"1187","P8-11","P8-10","10500"
"1188","225","P8-10","50050"
"1189","P8-9","P8-10","59500"
"1190","P8-12","P8-11","49000"
"1191","Un3","P8-11","60110"
"1192","P8-10","P8-11","10500"
"1193","P8-13","P8-12","34000"
"1194","226","P8-12","50050"
"1195","P8-11","P8-12","49000"
"1196","P8-14","P8-13","15000"
"1197","P9-8","P8-13","88580"
"1198","P8-12","P8-13","34000"
"1199","P8-15","P8-14","29430"
"1200","Un4","P8-14","60050"
"1201","P8-13","P8-14","15000"
"1202","P8-16","P8-15","55570"
"1203","227","P8-15","50100"
"1204","P8-14","P8-15","29430"
"1205","P8-17","P8-16","47750"
"1206","Re4","P8-16","60010"
"1207","P8-15","P8-16","55570"
"1208","Q2-1","P8-17","58850"
"1209","P8-18","P8-17","51770"
"1210","P8-16","P8-17","47750"
"1211","P8-19","P8-18","107550"
"1212","Re18","P8-18","59950"
"1213","P8-17","P8-18","51770"
"1214","P8-20","P8-19","50180"
"1215","Re26","P8-19","59900"
"1216","P8-18","P8-19","107550"
"1217","P8-1","P8-2","39000"
"1218","221","P8-2","57520"
"1219","P8-3","P8-2","16110"
"1220","Q2-16","P8-20","119496.1192"
"1221","P8-21","P8-20","27960"
"1222","P8-19","P8-20","50180"
"1223","P8-22","P8-21","22790"
"1224","GSE-7","P8-21","63500"
"1225","P8-20","P8-21","27960"
"1226","P8-23","P8-22","52920"
"1227","Re11","P8-22","59840"
"1228","P8-21","P8-22","22790"
"1229","P8-24","P8-23","32080"
"1230","128","P8-23","50210"
"1231","P8-22","P8-23","52920"
"1232","P8-25","P8-24","12000"
"1233","Un9","P8-24","59790"
"1234","P8-23","P8-24","32080"
"1235","P9-13","P8-25","88550"
"1236","P8-26","P8-25","34000"
"1237","P8-24","P8-25","12000"
"1238","P8-27","P8-26","52000"
"1239","127","P8-26","50050"
"1240","P8-25","P8-26","34000"
"1241","P8-28","P8-27","7500"
"1242","Un10","P8-27","59740"
"1243","P8-26","P8-27","52000"
"1244","P8-29","P8-28","59500"
"1245","126","P8-28","50050"
"1246","P8-27","P8-28","7500"
"1247","P8-30","P8-29","18000"
"1248","125","P8-29","50050"
"1249","P8-28","P8-29","59500"
"1250","P8-4-1","P8-3","21142.49276"
"1251","P8-2","P8-3","16110"
"1252","P8-31","P8-30","41500"
"1253","Re12","P8-30","59700"
"1254","P8-29","P8-30","18000"
"1255","P8-32","P8-31","21500"
"1256","124","P8-31","50050"
"1257","P8-30","P8-31","41500"
"1258","P8-33","P8-32","38000"
"1259","Z1-4","P8-32","59970"
"1260","P8-31","P8-32","21500"
"1261","P8-34","P8-33","33500"
"1262","123","P8-33","50050"
"1263","P8-32","P8-33","38000"
"1264","P8-34-1","P8-34","1440"
"1265","Z1-5","P8-34","59970"
"1266","P8-33","P8-34","33500"
"1267","P8-35","P8-34-1","21156.63962"
"1268","P8-34","P8-34-1","1440"
"1269","P8-36","P8-35","16090"
"1270","P8-34-1","P8-35","21156.63962"
"1271","P8-35","P8-36","16090"
"1272","P8-37","P8-36","39000"
"1273","122","P8-36","57510"
"1274","P8-36","P8-37","39000"
"1275","P9-20","P8-37","103500"
"1276","Z1-6","P8-37","45020"
"1277","P8-5","P8-4","33500"
"1278","Z1-2","P8-4","59970"
"1279","P8-4-1","P8-4","1440"
"1280","P8-4","P8-4-1","1440"
"1281","P8-3","P8-4-1","21142.49276"
"1282","P8-6","P8-5","38000"
"1283","222","P8-5","50050"
"1284","P8-4","P8-5","33500"
"1285","Z1-3","P8-6","59970"
"1286","P8-7","P8-6","21500"
"1287","P8-5","P8-6","38000"
"1288","P8-8","P8-7","44500"
"1289","223","P8-7","50050"
"1290","P8-6","P8-7","21500"
"1291","P8-9","P8-8","15000"
"1292","Re3","P8-8","60150"
"1293","P8-7","P8-8","44500"
"1294","P8-10","P8-9","59500"
"1295","224","P8-9","50050"
"1296","P8-8","P8-9","15000"
"1297","P8-1","P9-1","103530"
"1298","P9-2","P9-1","39000"
"1299","P10-1","P9-1","47470"
"1300","P10-10","P9-10","59840"
"1301","P9-9","P9-10","24410"
"1302","P10-11","P9-11","59870"
"1303","P9-12","P9-11","24560"
"1304","P9-11","P9-12","24560"
"1305","P9-13","P9-12","25440"
"1306","P9-12","P9-13","25440"
"1307","P8-25","P9-13","88550"
"1308","P9-14","P9-13","34000"
"1309","P9-13","P9-14","34000"
"1310","P9-15","P9-14","59500"
"1311","P9-14","P9-15","59500"
"1312","P9-16","P9-15","59500"
"1313","P9-15","P9-16","59500"
"1314","P9-17","P9-16","59500"
"1315","P9-16","P9-17","59500"
"1316","P9-18","P9-17","59500"
"1317","P9-17","P9-18","59500"
"1318","P9-19","P9-18","66000"
"1319","P9-18","P9-19","66000"
"1320","P9-20","P9-19","39000"
"1321","P9-3","P9-2","66000"
"1322","P9-1","P9-2","39000"
"1323","P9-19","P9-20","39000"
"1324","P10-20","P9-20","47500"
"1325","P8-37","P9-20","103500"
"1326","P9-4","P9-3","59500"
"1327","P9-2","P9-3","66000"
"1328","P9-5","P9-4","59500"
"1329","P9-3","P9-4","59500"
"1330","P9-6","P9-5","59500"
"1331","P9-4","P9-5","59500"
"1332","P9-7","P9-6","59500"
"1333","P9-5","P9-6","59500"
"1334","P9-8","P9-7","34000"
"1335","P9-6","P9-7","59500"
"1336","P8-13","P9-8","88580"
"1337","P9-9","P9-8","25590"
"1338","P9-7","P9-8","34000"
"1339","P9-10","P9-9","24410"
"1340","P9-8","P9-9","25590"
"1341","Re15","Q1-1","52500"
"1342","Q1-2","Q1-1","69500"
"1343","P1-14","Q1-1","53110"
"1344","Un15","Q1-10","52500"
"1345","P7-17","Q1-10","39390"
"1346","Q1-9","Q1-10","16110"
"1347","Q1-18","Q1-17","10390"
"1348","Re29","Q1-17","52500"
"1349","P1-15","Q1-17","53110"
"1350","Q1-19","Q1-18","59110"
"1351","GSE-5","Q1-18","27710"
"1352","Q1-17","Q1-18","10390"
"1353","Q1-20","Q1-19","50470"
"1354","Un23","Q1-19","52500"
"1355","Q1-18","Q1-19","59110"
"1356","Un13","Q1-2","52500"
"1357","Q1-3","Q1-2","50470"
"1358","Q1-1","Q1-2","69500"
"1359","Q1-21","Q1-20","26220"
"1360","112","Q1-20","55420"
"1361","Q1-19","Q1-20","50470"
"1362","112-1","Q1-20","55420"
"1363","112-2","Q1-20","55420"
"1364","Q1-22","Q1-21","49740"
"1365","Un22","Q1-21","52500"
"1366","Q1-20","Q1-21","26220"
"1367","Q1-23","Q1-22","19760"
"1368","113","Q1-22","55420"
"1369","Q1-21","Q1-22","49740"
"1370","113-1","Q1-22","55420"
"1371","113-2","Q1-22","55420"
"1372","Q1-24","Q1-23","56100"
"1373","Re28","Q1-23","52500"
"1374","Q1-22","Q1-23","19760"
"1375","Q1-25","Q1-24","48210"
"1376","114","Q1-24","55420"
"1377","Q1-23","Q1-24","56100"
"1378","Q1-26","Q1-25","69500"
"1379","Re27","Q1-25","52500"
"1380","Q1-24","Q1-25","48210"
"1381","P7-20","Q1-26","39390"
"1382","Un21","Q1-26","52500"
"1383","Q1-25","Q1-26","69500"
"1384","Q1-4","Q1-3","26220"
"1385","211","Q1-3","54830"
"1386","Q1-2","Q1-3","50470"
"1387","211-1","Q1-3","54830"
"1388","211-2","Q1-3","54830"
"1389","Un14","Q1-4","52500"
"1390","Q1-5","Q1-4","49740"
"1391","Q1-3","Q1-4","26220"
"1392","Q1-6","Q1-5","19760"
"1393","212","Q1-5","54830"
"1394","Q1-4","Q1-5","49740"
"1395","212-1","Q1-5","54830"
"1396","212-2","Q1-5","54830"
"1397","Re16","Q1-6","52500"
"1398","Q1-7","Q1-6","56100"
"1399","Q1-5","Q1-6","19760"
"1400","Q1-8","Q1-7","48210"
"1401","213","Q1-7","54830"
"1402","Q1-6","Q1-7","56100"
"1403","Re17","Q1-8","52500"
"1404","Q1-9","Q1-8","53390"
"1405","Q1-7","Q1-8","48210"
"1406","Q1-10","Q1-9","16110"
"1407","GSE-6","Q1-9","27410"
"1408","Q1-8","Q1-9","53390"
"1409","Re19","Q2-1","52750"
"1410","Q2-2","Q2-1","89570"
"1411","P8-17","Q2-1","58850"
"1412","Re20","Q2-15","52750"
"1413","Re25","Q2-16","52000"
"1414","Q2-15","Q2-16","115310"
"1415","Q2-17","Re25","52051.95121"
"1416","Re25","Q2-17","52051.95121"
"1417","Re19","Q2-16","52750"
"1418","P8-20","Q2-16","119496.1192"
"1419","Q2-18","Q2-17","84920"
"1420","GSE-7","Q2-17","27960"
"1421","Re25","Q2-17","52051.95121"
"1422","Q2-17","Re25","52051.95121"
"1423","Q2-19","Q2-18","25740"
"1424","132","Q2-18","54910"
"1425","Q2-17","Q2-18","84920"
"1426","132-1","Q2-18","54910"
"1427","132-2","Q2-18","54910"
"1428","Q2-20","Q2-19","46760"
"1429","Re24","Q2-19","52000"
"1430","Q2-18","Q2-19","25740"
"1431","Q2-3","Q2-2","25740"
"1432","231","Q2-2","54540"
"1433","Q2-1","Q2-2","89570"
"1434","Q2-21","Q2-20","37240"
"1435","133","Q2-20","54910"
"1436","Q2-19","Q2-20","46760"
"1437","133-1","Q2-20","54910"
"1438","133-2","Q2-20","54910"
"1439","Re23","Q2-21","52000"
"1440","Q2-22","Q2-21","35260"
"1441","Q2-20","Q2-21","37240"
"1442","Q2-23","Q2-22","57130"
"1443","134","Q2-22","54910"
"1444","Q2-21","Q2-22","35260"
"1445","134-1","Q2-22","54910"
"1446","134-2","Q2-22","54910"
"1447","Un20","Q2-23","52000"
"1448","Q2-24","Q2-23","55000"
"1449","Q2-22","Q2-23","57130"
"1450","Un19","Q2-24","52000"
"1451","P14-16","Q2-24","44500"
"1452","Q2-23","Q2-24","55000"
"1453","Re20","Q2-3","52750"
"1454","Q2-4","Q2-3","46760"
"1455","Q2-2","Q2-3","25740"
"1456","Q2-5","Q2-4","22740"
"1457","232","Q2-4","54540"
"1458","Q2-3","Q2-4","46760"
"1459","Un16","Q2-5","52750"
"1460","Q2-6","Q2-5","49760"
"1461","Q2-4","Q2-5","22740"
"1462","Q2-7","Q2-6","31250"
"1463","233","Q2-6","54540"
"1464","Q2-5","Q2-6","49760"
"1465","Un17","Q2-7","52750"
"1466","Q2-8","Q2-7","69500"
"1467","Q2-6","Q2-7","31250"
"1468","Re21","Q2-8","52750"
"1469","P14-15","Q2-8","55880"
"1470","GSE-8","Q2-8","27662.61014"
"1471","Q2-7","Q2-8","69500"
"1472","P1-4","Re1","60870"
"1473","N4-16","Re1","60880"
"1474","X1-33","Re10","59750"
"1475","P14-26","Re10","60250"
"1476","P8-22","Re11","59840"
"1477","P7-21","Re11","60110"
"1478","P8-30","Re12","59700"
"1479","P7-29","Re12","60250"
"1480","P1-19","Re13","60210"
"1481","M4-25","Re13","61540"
"1482","P1-26","Re14","60200"
"1483","M4-18","Re14","61550"
"1484","Q1-16","Re15","52500"
"1485","Q1-1","Re15","52500"
"1486","Q1-13","Re16","52500"
"1487","Q1-6","Re16","52500"
"1488","Q1-12","Re17","52500"
"1489","Q1-8","Re17","52500"
"1490","P8-18","Re18","59950"
"1491","P7-18","Re18","60000"
"1492","Q2-16","Re19","52750"
"1493","Q2-1","Re19","52750"
"1494","P1-11","Re2","60870"
"1495","N4-22","Re2","60880"
"1496","Q2-15","Re20","52750"
"1497","Q2-3","Re20","52750"
"1498","Q2-10","Re21","52750"
"1499","Q2-8","Re21","52750"
"1500","P14-16","Re22","78409.78829"
"1501","X1-20","Re22","59750"
"1502","Q2-13","Re23","52000"
"1503","Q2-21","Re23","52000"
"1504","Q2-19","Re24","52000"
"1505","Q2-15","Re24","52000"
"1506","Q2-16","Re25","52000"
"1507","P8-19","Re26","59900"
"1508","P7-19","Re26","60050"
"1509","Q1-25","Re27","52500"
"1510","Q1-12","Re27","52500"
"1511","Q1-23","Re28","52500"
"1512","Q1-13","Re28","52500"
"1513","Q1-17","Re29","52500"
"1514","Q1-16","Re29","52500"
"1515","P8-8","Re3","60150"
"1516","P7-7","Re3","59800"
"1517","P8-16","Re4","60010"
"1518","P7-15","Re4","59940"
"1519","X1-3","Re5","59750"
"1520","P14-4","Re5","60250"
"1521","X1-10","Re6","59750"
"1522","P14-10","Re6","60250"
"1523","X1-13","Re7","59750"
"1524","P14-13","Re7","60250"
"1525","X1-23","Re8","59750"
"1526","P14-17","Re8","60250"
"1527","X1-26","Re9","59750"
"1528","P14-20","Re9","60250"
"1529","P1-6","Un1","60870"
"1530","N4-18","Un1","60880"
"1531","P8-27","Un10","59740"
"1532","P7-26","Un10","60210"
"1533","P1-22","Un11","60210"
"1534","M4-23","Un11","61540"
"1535","P1-24","Un12","60200"
"1536","M4-20","Un12","61550"
"1537","Q1-15","Un13","52500"
"1538","Q1-2","Un13","52500"
"1539","Q1-14","Un14","52500"
"1540","Q1-4","Un14","52500"
"1541","Q1-11","Un15","52500"
"1542","Q1-10","Un15","52500"
"1543","Q2-14","Un16","52750"
"1544","Q2-5","Un16","52750"
"1545","Q2-12","Un17","52750"
"1546","Q2-7","Un17","52750"
"1547","P14-15","Un18","79124.7534"
"1548","X1-16","Un18","59750"
"1549","Q2-9","Un19","52000"
"1550","Q2-24","Un19","52000"
"1551","P1-8","Un2","60870"
"1552","N4-20","Un2","60880"
"1553","Q2-11","Un20","52000"
"1554","Q2-23","Un20","52000"
"1555","Q1-26","Un21","52500"
"1556","Q1-11","Un21","52500"
"1557","Q1-21","Un22","52500"
"1558","Q1-14","Un22","52500"
"1559","Q1-19","Un23","52500"
"1560","Q1-15","Un23","52500"
"1561","P8-11","Un3","60110"
"1562","P7-10","Un3","59840"
"1563","P8-14","Un4","60050"
"1564","P7-13","Un4","59900"
"1565","X1-5","Un5","59750"
"1566","P14-6","Un5","60250"
"1567","X1-7","Un6","59750"
"1568","P14-8","Un6","60250"
"1569","X1-29","Un7","59750"
"1570","P14-22","Un7","60251.83317"
"1571","X1-31","Un8","59750"
"1572","P14-24","Un8","60250"
"1573","P8-24","Un9","59790"
"1574","P7-23","Un9","60160"
"1575","X9-1","W1-1","80000"
"1576","W2-1","W1-1","47500"
"1577","Z3-3","W1-11","160500"
"1578","X9-11","W1-11","80000"
"1579","W2-11","W1-13","47500"
"1580","X9-13","W1-13","80000"
"1581","W2-20","W1-21","47500"
"1582","X9-21","W1-21","80000"
"1583","W2-10","W1-9","47500"
"1584","X9-9","W1-9","80000"
"1585","W1-1","W2-1","47500"
"1586","W2-2","W2-1","53000"
"1587","W3-1","W2-1","96500"
"1588","W3-12","W2-10","96500"
"1589","W2-9","W2-10","33750"
"1590","W1-9","W2-10","47500"
"1591","W3-13","W2-11","96500"
"1592","W1-13","W2-11","47500"
"1593","W2-12","W2-11","33750"
"1594","W2-11","W2-12","33750"
"1595","W2-13","W2-12","66000"
"1596","W2-12","W2-13","66000"
"1597","W2-14","W2-13","72500"
"1598","W2-13","W2-14","72500"
"1599","W2-15","W2-14","72500"
"1600","W2-14","W2-15","72500"
"1601","W2-16","W2-15","41750"
"1602","W2-15","W2-16","41750"
"1603","W3-19","W2-16","96500"
"1604","W2-17","W2-16","43950"
"1605","W2-16","W2-17","43950"
"1606","W2-18","W2-17","75900"
"1607","W2-17","W2-18","75900"
"1608","W2-19","W2-18","75900"
"1609","W2-18","W2-19","75900"
"1610","W2-20","W2-19","53000"
"1611","W2-1","W2-2","53000"
"1612","W2-3","W2-2","75900"
"1613","W2-19","W2-20","53000"
"1614","W3-24","W2-20","96500"
"1615","W1-21","W2-20","47500"
"1616","W2-2","W2-3","75900"
"1617","W2-4","W2-3","75900"
"1618","W2-3","W2-4","75900"
"1619","W2-5","W2-4","43950"
"1620","W2-4","W2-5","43950"
"1621","W3-6","W2-5","96500"
"1622","W2-6","W2-5","41750"
"1623","W2-5","W2-6","41750"
"1624","W2-7","W2-6","72500"
"1625","W2-6","W2-7","72500"
"1626","W2-8","W2-7","72500"
"1627","W2-7","W2-8","72500"
"1628","W2-9","W2-8","66000"
"1629","W2-8","W2-9","66000"
"1630","W2-10","W2-9","33750"
"1631","W2-1","W3-1","96500"
"1632","W3-2","W3-1","53000"
"1633","W4-1","W3-1","33000"
"1634","W3-9","W3-10","72500"
"1635","W3-11","W3-10","66000"
"1636","466","W3-10","50500"
"1637","W3-10","W3-11","66000"
"1638","W3-12","W3-11","33750"
"1639","465","W3-11","55500"
"1640","Z3-1","W3-12","16500"
"1641","W3-11","W3-12","33750"
"1642","W2-10","W3-12","96500"
"1643","W3-14","W3-13","33750"
"1644","Z3-5","W3-13","16500"
"1645","W2-11","W3-13","96500"
"1646","W3-15","W3-14","66000"
"1647","365","W3-14","55500"
"1648","W3-13","W3-14","33750"
"1649","W3-16","W3-15","72500"
"1650","366","W3-15","50500"
"1651","W3-14","W3-15","66000"
"1652","W3-17","W3-16","64500"
"1653","367","W3-16","50500"
"1654","W3-15","W3-16","72500"
"1655","GSE-15","W3-17","16500"
"1656","W3-18","W3-17","8000"
"1657","W3-16","W3-17","64500"
"1658","W3-19","W3-18","41750"
"1659","368","W3-18","50500"
"1660","W3-17","W3-18","8000"
"1661","W4-17","W3-19","33000"
"1662","W3-20","W3-19","43950"
"1663","W2-16","W3-19","96500"
"1664","W3-18","W3-19","41750"
"1665","W3-1","W3-2","53000"
"1666","W3-3","W3-2","75900"
"1667","471","W3-2","50250"
"1668","W3-21","W3-20","28550"
"1669","369","W3-20","50250"
"1670","W3-19","W3-20","43950"
"1671","GSE-16","W3-21","16500"
"1672","W3-22","W3-21","47350"
"1673","W3-20","W3-21","28550"
"1674","W3-23","W3-22","75900"
"1675","370","W3-22","50250"
"1676","W3-21","W3-22","47350"
"1677","W3-24","W3-23","53000"
"1678","371","W3-23","50250"
"1679","W3-22","W3-23","75900"
"1680","W4-22","W3-24","33000"
"1681","W3-23","W3-24","53000"
"1682","W2-20","W3-24","96500"
"1683","W3-2","W3-3","75900"
"1684","W3-4","W3-3","47350"
"1685","470","W3-3","50250"
"1686","GSE-13","W3-4","16500"
"1687","W3-3","W3-4","47350"
"1688","W3-5","W3-4","28550"
"1689","W3-4","W3-5","28550"
"1690","W3-6","W3-5","43950"
"1691","469","W3-5","50250"
"1692","W3-5","W3-6","43950"
"1693","W4-6","W3-6","33000"
"1694","W3-7","W3-6","41750"
"1695","W2-5","W3-6","96500"
"1696","W3-6","W3-7","41750"
"1697","W3-8","W3-7","8000"
"1698","468","W3-7","50500"
"1699","GSE-14","W3-8","16500"
"1700","W3-7","W3-8","8000"
"1701","W3-9","W3-8","64500"
"1702","W3-8","W3-9","64500"
"1703","W3-10","W3-9","72500"
"1704","467","W3-9","50500"
"1705","W3-1","W4-1","33000"
"1706","W4-2","W4-1","53000"
"1707","W5-1","W4-1","96500"
"1708","W4-9","W4-10","72500"
"1709","W4-11","W4-10","66000"
"1710","473","W4-10","50510"
"1711","W4-10","W4-11","66000"
"1712","W4-12","W4-11","33750"
"1713","472","W4-11","54510"
"1714","W5-10","W4-12","96500"
"1715","W4-11","W4-12","33750"
"1716","Z3-1","W4-12","16500"
"1717","W4-14","W4-13","172250"
"1718","W5-11","W4-13","96500"
"1719","Z3-5","W4-13","16500"
"1720","W4-15","W4-14","64500"
"1721","374","W4-14","50490"
"1722","W4-13","W4-14","172250"
"1723","W4-16","W4-15","8000"
"1724","GSE-15","W4-15","16500"
"1725","W4-14","W4-15","64500"
"1726","W4-17","W4-16","41750"
"1727","375","W4-16","50490"
"1728","W4-15","W4-16","8000"
"1729","W4-18","W4-17","43950"
"1730","W5-14","W4-17","96500"
"1731","W3-19","W4-17","33000"
"1732","W4-16","W4-17","41750"
"1733","W4-19","W4-18","28550"
"1734","376","W4-18","50500"
"1735","W4-17","W4-18","43950"
"1736","W4-20","W4-19","47350"
"1737","GSE-16","W4-19","16500"
"1738","W4-18","W4-19","28550"
"1739","W4-1","W4-2","53000"
"1740","W4-3","W4-2","75900"
"1741","478","W4-2","50500"
"1742","W4-21","W4-20","75900"
"1743","377","W4-20","50500"
"1744","W4-19","W4-20","47350"
"1745","W4-22","W4-21","53000"
"1746","378","W4-21","50500"
"1747","W4-20","W4-21","75900"
"1748","W5-18","W4-22","96500"
"1749","W4-21","W4-22","53000"
"1750","W3-24","W4-22","33000"
"1751","W4-2","W4-3","75900"
"1752","W4-4","W4-3","47350"
"1753","477","W4-3","50500"
"1754","W4-3","W4-4","47350"
"1755","GSE-13","W4-4","16500"
"1756","W4-5","W4-4","28550"
"1757","W4-4","W4-5","28550"
"1758","W4-6","W4-5","43950"
"1759","476","W4-5","50500"
"1760","W4-5","W4-6","43950"
"1761","W5-5","W4-6","96500"
"1762","W4-7","W4-6","41750"
"1763","W3-6","W4-6","33000"
"1764","W4-6","W4-7","41750"
"1765","W4-8","W4-7","8000"
"1766","475","W4-7","50510"
"1767","W4-7","W4-8","8000"
"1768","GSE-14","W4-8","16500"
"1769","W4-9","W4-8","64500"
"1770","W4-8","W4-9","64500"
"1771","W4-10","W4-9","72500"
"1772","474","W4-9","50510"
"1773","W4-1","W5-1","96500"
"1774","W5-2","W5-1","53000"
"1775","W6-1","W5-1","47500"
"1776","W6-9","W5-10","47500"
"1777","W5-9","W5-10","33750"
"1778","W4-12","W5-10","96500"
"1779","W6-12","W5-11","47500"
"1780","W4-13","W5-11","96500"
"1781","W5-12","W5-11","172250"
"1782","W5-11","W5-12","172250"
"1783","W5-13","W5-12","72500"
"1784","W5-12","W5-13","72500"
"1785","W5-14","W5-13","41750"
"1786","W5-13","W5-14","41750"
"1787","W5-15","W5-14","43950"
"1788","W4-17","W5-14","96500"
"1789","W5-14","W5-15","43950"
"1790","W5-16","W5-15","75900"
"1791","W5-15","W5-16","75900"
"1792","W5-17","W5-16","75900"
"1793","W5-16","W5-17","75900"
"1794","W5-18","W5-17","53000"
"1795","W5-17","W5-18","53000"
"1796","W6-18","W5-18","47500"
"1797","W4-22","W5-18","96500"
"1798","W5-1","W5-2","53000"
"1799","W5-3","W5-2","75900"
"1800","W5-2","W5-3","75900"
"1801","W5-4","W5-3","75900"
"1802","W5-3","W5-4","75900"
"1803","W5-5","W5-4","43950"
"1804","W5-4","W5-5","43950"
"1805","W5-6","W5-5","41750"
"1806","W4-6","W5-5","96500"
"1807","W5-5","W5-6","41750"
"1808","W5-7","W5-6","72500"
"1809","W5-6","W5-7","72500"
"1810","W5-8","W5-7","72500"
"1811","W5-7","W5-8","72500"
"1812","W5-9","W5-8","66000"
"1813","W5-8","W5-9","66000"
"1814","W5-10","W5-9","33750"
"1815","W5-1","W6-1","47500"
"1816","W7-1","W6-1","80000"
"1817","W7-12","W6-12","80000"
"1818","W5-11","W6-12","47500"
"1819","W7-20","W6-18","80000"
"1820","W5-18","W6-18","47500"
"1821","W7-9","W6-9","80000"
"1822","W5-10","W6-9","47500"
"1823","W8-1","W7-1","47500"
"1824","W6-1","W7-1","80000"
"1825","W8-11","W7-12","47500"
"1826","W6-12","W7-12","80000"
"1827","W8-20","W7-20","47500"
"1828","W6-18","W7-20","80000"
"1829","W8-10","W7-9","47500"
"1830","W6-9","W7-9","80000"
"1831","W8-2","W8-1","57500"
"1832","W9-1","W8-1","96500"
"1833","W7-1","W8-1","47500"
"1834","W9-11","W8-10","96500"
"1835","W8-11","W8-10","188500"
"1836","W7-9","W8-10","47500"
"1837","W8-9","W8-10","36750"
"1838","W9-12","W8-11","96500"
"1839","W8-12","W8-11","36750"
"1840","W7-12","W8-11","47500"
"1841","W8-10","W8-11","188500"
"1842","W8-13","W8-12","65900"
"1843","W8-11","W8-12","36750"
"1844","W8-14","W8-13","72500"
"1845","W8-12","W8-13","65900"
"1846","W8-15","W8-14","40100"
"1847","W8-13","W8-14","72500"
"1848","W8-16","W8-15","49900"
"1849","W9-17","W8-15","96500"
"1850","W8-14","W8-15","40100"
"1851","W8-17","W8-16","72500"
"1852","W8-15","W8-16","49900"
"1853","W8-18","W8-17","72500"
"1854","W8-16","W8-17","72500"
"1855","W8-19","W8-18","72500"
"1856","W8-17","W8-18","72500"
"1857","W8-20","W8-19","52600"
"1858","W8-18","W8-19","72500"
"1859","W8-3","W8-2","72500"
"1860","W8-1","W8-2","57500"
"1861","W9-23","W8-20","96500"
"1862","W7-20","W8-20","47500"
"1863","W8-19","W8-20","52600"
"1864","W8-4","W8-3","72500"
"1865","W8-2","W8-3","72500"
"1866","W8-5","W8-4","72500"
"1867","W8-3","W8-4","72500"
"1868","W8-6","W8-5","45000"
"1869","W8-4","W8-5","72500"
"1870","W8-7","W8-6","40100"
"1871","W9-6","W8-6","96500"
"1872","W8-5","W8-6","45000"
"1873","W8-8","W8-7","72500"
"1874","W8-6","W8-7","40100"
"1875","W8-9","W8-8","65900"
"1876","W8-7","W8-8","72500"
"1877","W8-10","W8-9","36750"
"1878","W8-8","W8-9","65900"
"1879","W9-5","W9-1","275000"
"1880","W9-2","W9-1","57500"
"1881","Z4-1","W9-1","21000"
"1882","GSE-17","W9-1","202272.712"
"1883","483","W9-1","208701.9406"
"1884","W8-1","W9-1","96500"
"1885","W9-11","W9-10","36750"
"1886","W9-9","W9-10","65900"
"1887","479","W9-10","55000"
"1888","W9-12","W9-11","188500"
"1889","Z4-3","W9-11","21000"
"1890","W8-10","W9-11","96500"
"1891","W9-10","W9-11","36750"
"1892","Z4-4","W9-12","21000"
"1893","W9-13","W9-12","36750"
"1894","W8-11","W9-12","96500"
"1895","W9-11","W9-12","188500"
"1896","W9-14","W9-13","65900"
"1897","379","W9-13","55000"
"1898","W9-12","W9-13","36750"
"1899","W9-15","W9-14","23240"
"1900","380","W9-14","50500"
"1901","W9-13","W9-14","65900"
"1902","W9-16","W9-15","49260"
"1903","GSE-19","W9-15","10500"
"1904","W9-14","W9-15","23240"
"1905","W9-17","W9-16","40100"
"1906","381","W9-16","50500"
"1907","W9-15","W9-16","49260"
"1908","W9-18","W9-17","49900"
"1909","W9-16","W9-17","40100"
"1910","W8-15","W9-17","96500"
"1911","W9-19","W9-18","72500"
"1912","382","W9-18","50500"
"1913","W9-17","W9-18","49900"
"1914","W9-20","W9-19","10740"
"1915","383","W9-19","50500"
"1916","W9-18","W9-19","72500"
"1917","W9-3","W9-2","72500"
"1918","W9-1","W9-2","57500"
"1919","485","W9-2","50500"
"1920","W9-21","W9-20","61760"
"1921","GSE-20","W9-20","10500"
"1922","W9-19","W9-20","10740"
"1923","W9-22","W9-21","72500"
"1924","384","W9-21","50500"
"1925","W9-20","W9-21","61760"
"1926","W9-23","W9-22","52600"
"1927","385","W9-22","50500"
"1928","W9-21","W9-22","72500"
"1929","Z4-5","W9-23","21000"
"1930","W8-20","W9-23","96500"
"1931","W9-22","W9-23","52600"
"1932","W9-4","W9-3","72000"
"1933","W9-2","W9-3","72500"
"1934","484","W9-3","50500"
"1935","W9-3","W9-4","72000"
"1936","W9-6","W9-5","45000"
"1937","W9-1","W9-5","275000"
"1938","482","W9-5","50500"
"1939","W9-7","W9-6","40100"
"1940","Z4-2","W9-6","21000"
"1941","W9-5","W9-6","45000"
"1942","W8-6","W9-6","96500"
"1943","W9-8","W9-7","66820"
"1944","W9-6","W9-7","40100"
"1945","481","W9-7","50500"
"1946","W9-9","W9-8","5680"
"1947","GSE-18","W9-8","10500"
"1948","W9-7","W9-8","66820"
"1949","W9-10","W9-9","65900"
"1950","W9-8","W9-9","5680"
"1951","480","W9-9","50500"
"1952","P14-2","X1-1","120000"
"1953","X1-2","X1-1","20000"
"1954","X1-9","X1-10","4030"
"1955","Re6","X1-10","59750"
"1956","X1-11","X1-10","37970"
"1957","X1-10","X1-11","37970"
"1958","X2-7","X1-11","103500"
"1959","X1-12","X1-11","45000"
"1960","X1-11","X1-12","45000"
"1961","245","X1-12","57520"
"1962","X1-13","X1-12","21520"
"1963","X1-12","X1-13","21520"
"1964","Re7","X1-13","59750"
"1965","X1-14","X1-13","50980"
"1966","X1-13","X1-14","50980"
"1967","X1-15","X1-14","72500"
"1968","246","X1-14","57520"
"1969","X1-14","X1-15","72500"
"1970","X1-16","X1-15","4040"
"1971","247","X1-15","57520"
"1972","X1-15","X1-16","4040"
"1973","Un18","X1-16","59750"
"1974","X1-17","X1-16","37960"
"1975","X1-18","X1-17","15500"
"1976","X1-16","X1-17","37960"
"1977","X2-12","X1-17","103500"
"1978","X2-13","X1-18","103500"
"1979","X1-19","X1-18","15500"
"1980","X1-17","X1-18","15500"
"1981","Z2-4","X1-18","551500"
"1982","X2-14","X1-19","103500"
"1983","X1-20","X1-19","39070"
"1984","X1-18","X1-19","15500"
"1985","X1-1","X1-2","20000"
"1986","240","X1-2","57520"
"1987","X1-3","X1-2","28000"
"1988","X1-19","X1-20","39070"
"1989","Re22","X1-20","59750"
"1990","X1-21","X1-20","2930"
"1991","X1-20","X1-21","2930"
"1992","X1-22","X1-21","72500"
"1993","148","X1-21","57510"
"1994","X1-21","X1-22","72500"
"1995","X1-23","X1-22","50990"
"1996","147","X1-22","57510"
"1997","X1-22","X1-23","50990"
"1998","Re8","X1-23","59750"
"1999","X1-24","X1-23","21510"
"2000","X1-23","X1-24","21510"
"2001","X1-25","X1-24","45000"
"2002","146","X1-24","57510"
"2003","X1-24","X1-25","45000"
"2004","X2-19","X1-25","103500"
"2005","X1-26","X1-25","37970"
"2006","X1-25","X1-26","37970"
"2007","Re9","X1-26","59750"
"2008","X1-27","X1-26","4030"
"2009","X1-26","X1-27","4030"
"2010","X1-28","X1-27","72500"
"2011","145","X1-27","57510"
"2012","X1-27","X1-28","72500"
"2013","X1-29","X1-28","8470"
"2014","144","X1-28","57510"
"2015","X1-28","X1-29","8470"
"2016","Un7","X1-29","59750"
"2017","X1-30","X1-29","64030"
"2018","X1-2","X1-3","28000"
"2019","Re5","X1-3","59750"
"2020","X1-4","X1-3","44500"
"2021","X1-29","X1-30","64030"
"2022","X1-31","X1-30","32000"
"2023","143","X1-30","57510"
"2024","X1-30","X1-31","32000"
"2025","Un8","X1-31","59750"
"2026","X1-32","X1-31","40500"
"2027","X1-31","X1-32","40500"
"2028","X1-33","X1-32","44500"
"2029","142","X1-32","57510"
"2030","X1-32","X1-33","44500"
"2031","Re10","X1-33","59750"
"2032","X1-34","X1-33","28000"
"2033","X1-33","X1-34","28000"
"2034","X1-35","X1-34","20000"
"2035","141","X1-34","57510"
"2036","X1-34","X1-35","20000"
"2037","P14-28","X1-35","120000"
"2038","X1-3","X1-4","44500"
"2039","X1-5","X1-4","40500"
"2040","241","X1-4","57520"
"2041","X1-4","X1-5","40500"
"2042","X1-6","X1-5","32000"
"2043","Un5","X1-5","59750"
"2044","X1-7","X1-6","64030"
"2045","242","X1-6","57520"
"2046","X1-5","X1-6","32000"
"2047","X1-6","X1-7","64030"
"2048","X1-8","X1-7","8470"
"2049","Un6","X1-7","59750"
"2050","X1-9","X1-8","72500"
"2051","243","X1-8","57520"
"2052","X1-7","X1-8","8470"
"2053","X1-8","X1-9","72500"
"2054","244","X1-9","57520"
"2055","X1-10","X1-9","4030"
"2056","X2-2","X2-1","41000"
"2057","X3-11","X2-10","47500"
"2058","X2-9","X2-10","35750"
"2059","X2-11","X2-10","36750"
"2060","X2-10","X2-11","36750"
"2061","X2-12","X2-11","42000"
"2062","X2-11","X2-12","42000"
"2063","X1-17","X2-12","103500"
"2065","X1-19","X2-14","103500"
"2066","X2-15","X2-14","42000"
"2067","X2-14","X2-15","42000"
"2068","X2-16","X2-15","36750"
"2069","X2-15","X2-16","36750"
"2070","X3-17","X2-16","47500"
"2071","X2-17","X2-16","35750"
"2072","X2-16","X2-17","35750"
"2073","X2-18","X2-17","72500"
"2074","X2-17","X2-18","72500"
"2075","X2-19","X2-18","45000"
"2076","X2-18","X2-19","45000"
"2077","X2-20","X2-19","42000"
"2078","X1-25","X2-19","103500"
"2079","X2-1","X2-2","41000"
"2080","X2-3","X2-2","72500"
"2081","X2-21","X2-20","72500"
"2082","X2-19","X2-20","42000"
"2083","X2-22","X2-21","72500"
"2084","X2-20","X2-21","72500"
"2085","X2-23","X2-22","72500"
"2086","X2-21","X2-22","72500"
"2087","X2-24","X2-23","72500"
"2088","X2-22","X2-23","72500"
"2089","X2-25","X2-24","41000"
"2090","X2-23","X2-24","72500"
"2091","X2-24","X2-25","41000"
"2092","X2-2","X2-3","72500"
"2093","X2-4","X2-3","72500"
"2094","X2-3","X2-4","72500"
"2095","X2-5","X2-4","72500"
"2096","X2-4","X2-5","72500"
"2097","X2-6","X2-5","72500"
"2098","X2-5","X2-6","72500"
"2099","X2-7","X2-6","42000"
"2100","X2-6","X2-7","42000"
"2101","X2-8","X2-7","45000"
"2102","X1-11","X2-7","103500"
"2103","X2-7","X2-8","45000"
"2104","X2-9","X2-8","72500"
"2105","X2-8","X2-9","72500"
"2106","X2-10","X2-9","35750"
"2107","E-5","X3-11","80000"
"2108","X2-10","X3-11","47500"
"2109","E-9","X3-17","80000"
"2110","X2-16","X3-17","47500"
"2111","X5-10","X4-10","47500"
"2112","F-6","X4-10","80000"
"2114","X5-11","X4-14","47500"
"2115","F-10","X4-14","80000"
"2116","X6-2","X5-1","96500"
"2117","X5-2","X5-1","39700"
"2118","X6-15","X5-10","96500"
"2119","X5-9","X5-10","33750"
"2120","X4-10","X5-10","47500"
"2121","X5-12","X5-11","33750"
"2122","X6-16","X5-11","96500"
"2123","X4-14","X5-11","47500"
"2124","X5-13","X5-12","66000"
"2125","X5-11","X5-12","33750"
"2126","X5-14","X5-13","72500"
"2127","X5-12","X5-13","66000"
"2128","X5-15","X5-14","72500"
"2129","X5-13","X5-14","72500"
"2130","X5-16","X5-15","41750"
"2131","X5-14","X5-15","72500"
"2132","X5-17","X5-16","43950"
"2133","X6-23","X5-16","96500"
"2134","X5-15","X5-16","41750"
"2135","X5-18","X5-17","75900"
"2136","X5-16","X5-17","43950"
"2137","X5-19","X5-18","75900"
"2138","X5-17","X5-18","75900"
"2139","X5-20","X5-19","39700"
"2140","X5-18","X5-19","75900"
"2141","X5-1","X5-2","39700"
"2142","X5-3","X5-2","75900"
"2143","X6-29","X5-20","96500"
"2144","X5-19","X5-20","39700"
"2145","X5-2","X5-3","75900"
"2146","X5-4","X5-3","75900"
"2147","X5-3","X5-4","75900"
"2148","X5-5","X5-4","43950"
"2149","X5-4","X5-5","43950"
"2150","X6-8","X5-5","96500"
"2151","X5-6","X5-5","41750"
"2152","X5-5","X5-6","41750"
"2153","X5-7","X5-6","72500"
"2154","X5-6","X5-7","72500"
"2155","X5-8","X5-7","72500"
"2156","X5-7","X5-8","72500"
"2157","X5-9","X5-8","66000"
"2158","X5-8","X5-9","66000"
"2159","X5-10","X5-9","33750"
"2160","X6-2","X6-1","13300"
"2161","P14-1","X6-1","655000"
"2162","GSE-10","X6-10","16500"
"2163","X6-9","X6-10","8000"
"2164","X6-11","X6-10","64500"
"2165","X6-10","X6-11","64500"
"2166","X6-12","X6-11","8000"
"2167","453","X6-11","50500"
"2168","Z2-1","X6-12","16500"
"2169","X6-11","X6-12","8000"
"2170","X6-13","X6-12","64500"
"2171","X6-12","X6-13","64500"
"2172","X6-14","X6-13","66000"
"2173","452","X6-13","50500"
"2174","X6-13","X6-14","66000"
"2175","X6-15","X6-14","33750"
"2176","451","X6-14","55500"
"2177","X6-14","X6-15","33750"
"2178","X5-10","X6-15","96500"
"2179","X6-17","X6-16","33750"
"2180","X5-11","X6-16","96500"
"2181","X6-18","X6-17","66000"
"2182","X6-16","X6-17","33750"
"2183","351","X6-17","55500"
"2184","X6-19","X6-18","64500"
"2185","352","X6-18","50500"
"2186","X6-17","X6-18","66000"
"2187","X6-20","X6-19","8000"
"2188","Z2-7","X6-19","16500"
"2189","X6-18","X6-19","64500"
"2190","X6-1","X6-2","13300"
"2191","X5-1","X6-2","96500"
"2192","X6-3","X6-2","39700"
"2193","X6-21","X6-20","64500"
"2194","353","X6-20","50500"
"2195","X6-19","X6-20","8000"
"2196","GSE-11","X6-21","16500"
"2197","X6-22","X6-21","8000"
"2198","X6-20","X6-21","64500"
"2199","X6-23","X6-22","41750"
"2200","354","X6-22","50500"
"2201","X6-21","X6-22","8000"
"2202","X7-23","X6-23","33000"
"2203","X6-24","X6-23","43950"
"2204","X6-22","X6-23","41750"
"2205","X5-16","X6-23","96500"
"2206","X6-25","X6-24","28550"
"2207","355","X6-24","50250"
"2208","X6-23","X6-24","43950"
"2209","GSE-12","X6-25","16500"
"2210","X6-26","X6-25","47350"
"2211","X6-24","X6-25","28550"
"2212","X6-27","X6-26","70400"
"2213","356","X6-26","50250"
"2214","X6-25","X6-26","47350"
"2215","Z2-8","X6-27","16500"
"2216","X6-28","X6-27","5500"
"2217","X6-26","X6-27","70400"
"2218","X6-29","X6-28","39700"
"2219","357","X6-28","50250"
"2220","X6-27","X6-28","5500"
"2221","X5-20","X6-29","96500"
"2222","X6-30","X6-29","13300"
"2223","X6-28","X6-29","39700"
"2224","X6-2","X6-3","39700"
"2225","X6-4","X6-3","5500"
"2226","457","X6-3","50250"
"2227","X6-29","X6-30","13300"
"2228","P14-29","X6-30","655000"
"2229","X6-3","X6-4","5500"
"2230","X6-5","X6-4","70400"
"2231","X7-4","X6-4","33000"
"2232","X6-4","X6-5","70400"
"2233","X6-6","X6-5","47350"
"2234","456","X6-5","50250"
"2235","GSE-9","X6-6","16500"
"2236","X6-5","X6-6","47350"
"2237","X6-7","X6-6","28550"
"2238","X6-6","X6-7","28550"
"2239","X6-8","X6-7","43950"
"2240","455","X6-7","50250"
"2241","X6-7","X6-8","43950"
"2242","X7-8","X6-8","33000"
"2243","X6-9","X6-8","41750"
"2244","X5-5","X6-8","96500"
"2245","X6-8","X6-9","41750"
"2246","X6-10","X6-9","8000"
"2247","454","X6-9","50500"
"2248","X7-2","X7-1","13300"
"2249","X9-1","X7-1","144000"
"2250","X7-9","X7-10","8000"
"2251","GSE-10","X7-10","16500"
"2252","X7-11","X7-10","64500"
"2253","X7-10","X7-11","64500"
"2254","X7-12","X7-11","8000"
"2255","460","X7-11","50500"
"2256","X7-11","X7-12","8000"
"2257","X7-13","X7-12","64500"
"2258","Z2-1","X7-12","16500"
"2259","X7-12","X7-13","64500"
"2260","X7-14","X7-13","66000"
"2261","459","X7-13","50500"
"2262","X7-13","X7-14","66000"
"2263","X7-15","X7-14","33750"
"2264","458","X7-14","54500"
"2265","X8-10","X7-15","96500"
"2266","X7-14","X7-15","33750"
"2267","X7-17","X7-16","33750"
"2268","X8-11","X7-16","96500"
"2269","X7-18","X7-17","66000"
"2270","358","X7-17","54510"
"2271","X7-16","X7-17","33750"
"2272","X7-19","X7-18","64500"
"2273","359","X7-18","50500"
"2274","X7-17","X7-18","66000"
"2275","Z2-7","X7-19","16500"
"2276","X7-20","X7-19","8000"
"2277","X7-18","X7-19","64500"
"2278","X7-1","X7-2","13300"
"2279","X8-1","X7-2","96500"
"2280","X7-3","X7-2","39700"
"2281","X7-21","X7-20","64500"
"2282","360","X7-20","50500"
"2283","X7-19","X7-20","8000"
"2284","X7-22","X7-21","8000"
"2285","GSE-11","X7-21","16500"
"2286","X7-20","X7-21","64500"
"2287","X7-23","X7-22","41750"
"2288","361","X7-22","50500"
"2289","X7-21","X7-22","8000"
"2290","X7-24","X7-23","43950"
"2291","X8-16","X7-23","96500"
"2292","X6-23","X7-23","33000"
"2293","X7-22","X7-23","41750"
"2294","X7-25","X7-24","28550"
"2295","362","X7-24","50500"
"2296","X7-23","X7-24","43950"
"2297","X7-26","X7-25","47350"
"2298","GSE-12","X7-25","16500"
"2299","X7-24","X7-25","28550"
"2300","X7-27","X7-26","70400"
"2301","363","X7-26","50500"
"2302","X7-25","X7-26","47350"
"2303","X7-28","X7-27","5500"
"2304","Z2-8","X7-27","16500"
"2305","X7-26","X7-27","70400"
"2306","X7-29","X7-28","37950"
"2307","364","X7-28","50500"
"2308","X7-27","X7-28","5500"
"2309","X8-20","X7-29","96500"
"2310","X7-30","X7-29","15050"
"2311","X7-28","X7-29","37950"
"2312","X7-2","X7-3","39700"
"2313","X7-4","X7-3","5500"
"2314","464","X7-3","50510"
"2315","X9-21","X7-30","144000"
"2316","X7-29","X7-30","15050"
"2317","X7-3","X7-4","5500"
"2318","X6-4","X7-4","33000"
"2319","X7-5","X7-4","70400"
"2320","X7-4","X7-5","70400"
"2321","X7-6","X7-5","47350"
"2322","463","X7-5","50500"
"2323","X7-5","X7-6","47350"
"2324","GSE-9","X7-6","16500"
"2325","X7-7","X7-6","28550"
"2326","X7-6","X7-7","28550"
"2327","X7-8","X7-7","43950"
"2328","462","X7-7","50500"
"2329","X7-7","X7-8","43950"
"2330","X8-5","X7-8","96500"
"2331","X7-9","X7-8","41750"
"2332","X6-8","X7-8","33000"
"2333","X7-8","X7-9","41750"
"2334","X7-10","X7-9","8000"
"2335","461","X7-9","50500"
"2336","X7-2","X8-1","96500"
"2337","X8-2","X8-1","39700"
"2338","X9-9","X8-10","47500"
"2339","X8-9","X8-10","33750"
"2340","X7-15","X8-10","96500"
"2341","X9-13","X8-11","47500"
"2342","X7-16","X8-11","96500"
"2343","X8-12","X8-11","33750"
"2344","X8-11","X8-12","33750"
"2345","X8-13","X8-12","66000"
"2346","X8-12","X8-13","66000"
"2347","X8-14","X8-13","72500"
"2348","X8-13","X8-14","72500"
"2349","X8-15","X8-14","72500"
"2350","X8-14","X8-15","72500"
"2351","X8-16","X8-15","41750"
"2352","X8-15","X8-16","41750"
"2353","X8-17","X8-16","43950"
"2354","X7-23","X8-16","96500"
"2355","X8-16","X8-17","43950"
"2356","X8-18","X8-17","75900"
"2357","X8-17","X8-18","75900"
"2358","X8-19","X8-18","75900"
"2359","X8-18","X8-19","75900"
"2360","X8-20","X8-19","37950"
"2361","X8-1","X8-2","39700"
"2362","X8-3","X8-2","75900"
"2363","X8-19","X8-20","37950"
"2364","X7-29","X8-20","96500"
"2365","X8-2","X8-3","75900"
"2366","X8-4","X8-3","75900"
"2367","X8-3","X8-4","75900"
"2368","X8-5","X8-4","43950"
"2369","X8-4","X8-5","43950"
"2370","X8-6","X8-5","41750"
"2371","X7-8","X8-5","96500"
"2372","X8-5","X8-6","41750"
"2373","X8-7","X8-6","72500"
"2374","X8-6","X8-7","72500"
"2375","X8-8","X8-7","72500"
"2376","X8-7","X8-8","72500"
"2377","X8-9","X8-8","66000"
"2378","X8-8","X8-9","66000"
"2379","X8-10","X8-9","33750"
"2380","X7-1","X9-1","144000"
"2381","W1-1","X9-1","80000"
"2382","W1-11","X9-11","80000"
"2383","Z2-4","X9-11","160500"
"2384","W1-13","X9-13","80000"
"2385","X8-11","X9-13","47500"
"2386","W1-21","X9-21","80000"
"2387","X7-30","X9-21","144000"
"2388","W1-9","X9-9","80000"
"2389","X8-10","X9-9","47500"
"2390","P7-1","Z1-1","59980"
"2391","Z1-2","Z1-1","71500"
"2392","P8-1","Z1-1","45020"
"2393","P7-3","Z1-2","59980"
"2394","P8-4","Z1-2","59970"
"2395","Z1-1","Z1-2","71500"
"2396","Z1-3","Z1-2","71500"
"2397","Z1-2","Z1-3","71500"
"2398","P7-5","Z1-3","59980"
"2399","P8-6","Z1-3","59970"
"2400","Z1-5","Z1-4","71500"
"2401","P7-31","Z1-4","59980"
"2402","P8-32","Z1-4","59970"
"2403","Z1-6","Z1-5","71500"
"2404","P8-34","Z1-5","59970"
"2405","P7-33","Z1-5","59980"
"2406","Z1-4","Z1-5","71500"
"2407","P8-37","Z1-6","45020"
"2408","Z1-5","Z1-6","71500"
"2409","P7-35","Z1-6","59980"
"2410","Z2-4","Z2-1","258500"
"2411","X7-12","Z2-1","16500"
"2412","X6-12","Z2-1","16500"
"2414","Z2-1","Z2-4","258500"
"2417","Z2-5","Z2-4","40000"
"2418","X9-11","Z2-4","160500"
"2420","X1-18","Z2-4","551500"
"2423","Z2-7","Z2-4","258500"
"2425","X6-19","Z2-7","16500"
"2426","X7-19","Z2-7","16500"
"2427","Z2-4","Z2-7","258500"
"2428","X7-27","Z2-8","16500"
"2429","X6-27","Z2-8","16500"
"2430","Z3-2","Z3-1","54250"
"2431","W4-12","Z3-1","16500"
"2432","W3-12","Z3-1","16500"
"2433","Z3-3","Z3-2","40000"
"2434","Z3-1","Z3-2","54250"
"2435","Z3-4","Z3-3","40000"
"2436","Z3-2","Z3-3","40000"
"2437","W1-11","Z3-3","160500"
"2438","Z3-5","Z3-4","54250"
"2439","Z3-3","Z3-4","40000"
"2440","W4-13","Z3-5","16500"
"2441","Z3-4","Z3-5","54250"
"2442","W3-13","Z3-5","16500"
"2443","Z4-2","Z4-1","320000"
"2444","W9-1","Z4-1","21000"
"2445","Z4-3","Z4-2","215250"
"2446","Z4-1","Z4-2","320000"
"2447","W9-6","Z4-2","21000"
"2448","Z4-4","Z4-3","188500"
"2449","Z4-2","Z4-3","215250"
"2450","W9-11","Z4-3","21000"
"2451","Z4-5","Z4-4","535250"
"2452","W9-12","Z4-4","21000"
"2453","Z4-3","Z4-4","188500"
"2454","W9-23","Z4-5","21000"
"2455","Z4-4","Z4-5","535250"
